ticker symbol	DBMS	version	creator	db type	constraints	schema	total ms	start time	end time	host name	no. cores	operating system	file_name
agens	AgensGraph	v3.0.3	cmd	client	active	company	4128	2021-09-10 09:14:55.832668800	2021-09-10 09:14:59.960721700	jfww-win-dt-21	32	amd64 / Windows 10 / 10.0	db_seeder_cmd_complete_company_3.0.3_win10
cockroach	CockroachDB	v3.0.3	cmd	client	active - no choice	company	5630	2021-09-10 09:15:35.325716900	2021-09-10 09:15:40.956532500	jfww-win-dt-21	32	amd64 / Windows 10 / 10.0	db_seeder_cmd_complete_company_3.0.3_win10
cratedb	CrateDB	v3.0.3	cmd	client	active - no choice	company	5342	2021-09-10 09:16:18.419154200	2021-09-10 09:16:23.761547100	jfww-win-dt-21	32	amd64 / Windows 10 / 10.0	db_seeder_cmd_complete_company_3.0.3_win10
cubrid	CUBRID	v3.0.3	cmd	client	active	company	6456	2021-09-10 09:16:58.861101900	2021-09-10 09:17:05.317664700	jfww-win-dt-21	32	amd64 / Windows 10 / 10.0	db_seeder_cmd_complete_company_3.0.3_win10
derby	Apache Derby	v3.0.3	cmd	client	active	company	15405	2021-09-10 09:18:00.406361200	2021-09-10 09:18:15.811927400	jfww-win-dt-21	32	amd64 / Windows 10 / 10.0	db_seeder_cmd_complete_company_3.0.3_win10
derby_emb	Apache Derby	v3.0.3	cmd	embedded	active	company	16202	2021-09-10 09:18:16.637431100	2021-09-10 09:18:32.840369800	jfww-win-dt-21	32	amd64 / Windows 10 / 10.0	db_seeder_cmd_complete_company_3.0.3_win10
exasol	Exasol	v3.0.3	cmd	client	active	company	4195	2021-09-10 09:20:39.745777300	2021-09-10 09:20:43.941263100	jfww-win-dt-21	32	amd64 / Windows 10 / 10.0	db_seeder_cmd_complete_company_3.0.3_win10
firebird	Firebird	v3.0.3	cmd	client	active	company	93671	2021-09-10 09:21:41.253220900	2021-09-10 09:23:14.924461200	jfww-win-dt-21	32	amd64 / Windows 10 / 10.0	db_seeder_cmd_complete_company_3.0.3_win10
h2	H2 Database Engine	v3.0.3	cmd	client	active - no choice	company	7648	2021-09-10 09:23:59.783618800	2021-09-10 09:24:07.432431800	jfww-win-dt-21	32	amd64 / Windows 10 / 10.0	db_seeder_cmd_complete_company_3.0.3_win10
h2_emb	H2 Database Engine	v3.0.3	cmd	embedded	active - no choice	company	2976	2021-09-10 09:24:08.254428400	2021-09-10 09:24:11.230841000	jfww-win-dt-21	32	amd64 / Windows 10 / 10.0	db_seeder_cmd_complete_company_3.0.3_win10
hsqldb	HSQLDB	v3.0.3	cmd	client	active	company	17952	2021-09-10 09:24:56.602125100	2021-09-10 09:25:14.554208900	jfww-win-dt-21	32	amd64 / Windows 10 / 10.0	db_seeder_cmd_complete_company_3.0.3_win10
hsqldb_emb	HSQLDB	v3.0.3	cmd	embedded	active	company	2864	2021-09-10 09:25:15.333207300	2021-09-10 09:25:18.197207500	jfww-win-dt-21	32	amd64 / Windows 10 / 10.0	db_seeder_cmd_complete_company_3.0.3_win10
ibmdb2	IBM Db2 Database	v3.0.3	cmd	client	active	company	23578	2021-09-10 09:30:24.165870800	2021-09-10 09:30:47.744858700	jfww-win-dt-21	32	amd64 / Windows 10 / 10.0	db_seeder_cmd_complete_company_3.0.3_win10
informix	IBM Informix	v3.0.3	cmd	client	active	company	19946	2021-09-10 09:34:39.468905900	2021-09-10 09:34:59.415315500	jfww-win-dt-21	32	amd64 / Windows 10 / 10.0	db_seeder_cmd_complete_company_3.0.3_win10
mariadb	MariaDB Server	v3.0.3	cmd	client	active	company	3815	2021-09-10 09:35:44.171281600	2021-09-10 09:35:47.987281500	jfww-win-dt-21	32	amd64 / Windows 10 / 10.0	db_seeder_cmd_complete_company_3.0.3_win10
mimer	Mimer SQL	v3.0.3	cmd	client	active	company	9286	2021-09-10 09:36:23.642243800	2021-09-10 09:36:32.928934200	jfww-win-dt-21	32	amd64 / Windows 10 / 10.0	db_seeder_cmd_complete_company_3.0.3_win10
monetdb	MonetDB	v3.0.3	cmd	client	active	company	9525	2021-09-10 09:36:43.661438100	2021-09-10 09:36:53.187150300	jfww-win-dt-21	32	amd64 / Windows 10 / 10.0	db_seeder_cmd_complete_company_3.0.3_win10
mysql	MySQL Database	v3.0.3	cmd	client	active	company	7636	2021-09-10 09:38:00.010530800	2021-09-10 09:38:07.646582200	jfww-win-dt-21	32	amd64 / Windows 10 / 10.0	db_seeder_cmd_complete_company_3.0.3_win10
mysql_trino	MySQL Database	v3.0.3	cmd	trino	active - no choice	company	1035999	2021-09-10 09:39:51.356293400	2021-09-10 09:57:07.356110800	jfww-win-dt-21	32	amd64 / Windows 10 / 10.0	db_seeder_cmd_complete_company_3.0.3_win10
omnisci	OmniSciDB	v3.0.3	cmd	client	active - no choice	company	37538	2021-09-10 09:58:13.822388100	2021-09-10 09:58:51.360795000	jfww-win-dt-21	32	amd64 / Windows 10 / 10.0	db_seeder_cmd_complete_company_3.0.3_win10
oracle	Oracle Database	v3.0.3	cmd	client	active	company	12808	2021-09-10 10:00:02.885585500	2021-09-10 10:00:15.694111100	jfww-win-dt-21	32	amd64 / Windows 10 / 10.0	db_seeder_cmd_complete_company_3.0.3_win10
oracle_trino	Oracle Database	v3.0.3	cmd	trino	active - no choice	company	1877924	2021-09-10 10:02:09.907302000	2021-09-10 10:33:27.831389500	jfww-win-dt-21	32	amd64 / Windows 10 / 10.0	db_seeder_cmd_complete_company_3.0.3_win10
percona	Percona Server for MySQL	v3.0.3	cmd	client	active	company	6614	2021-09-10 10:34:48.215998000	2021-09-10 10:34:54.830061900	jfww-win-dt-21	32	amd64 / Windows 10 / 10.0	db_seeder_cmd_complete_company_3.0.3_win10
postgresql	PostgreSQL	v3.0.3	cmd	client	active	company	3940	2021-09-10 10:35:33.313465500	2021-09-10 10:35:37.254417900	jfww-win-dt-21	32	amd64 / Windows 10 / 10.0	db_seeder_cmd_complete_company_3.0.3_win10
postgresql_trino	PostgreSQL	v3.0.3	cmd	trino	active - no choice	company	510823	2021-09-10 10:36:48.969043900	2021-09-10 10:45:19.792161400	jfww-win-dt-21	32	amd64 / Windows 10 / 10.0	db_seeder_cmd_complete_company_3.0.3_win10
sqlite	SQLite	v3.0.3	cmd	embedded	active - no choice	company	4426	2021-09-10 10:45:20.609160500	2021-09-10 10:45:25.035501800	jfww-win-dt-21	32	amd64 / Windows 10 / 10.0	db_seeder_cmd_complete_company_3.0.3_win10
sqlserver	MS SQL Server	v3.0.3	cmd	client	active	company	5300	2021-09-10 10:46:01.438500400	2021-09-10 10:46:06.739001300	jfww-win-dt-21	32	amd64 / Windows 10 / 10.0	db_seeder_cmd_complete_company_3.0.3_win10
sqlserver_trino	MS SQL Server	v3.0.3	cmd	trino	active - no choice	company	1049892	2021-09-10 10:47:20.194742800	2021-09-10 11:04:50.087011000	jfww-win-dt-21	32	amd64 / Windows 10 / 10.0	db_seeder_cmd_complete_company_3.0.3_win10
timescale	TimescaleDB	v3.0.3	cmd	client	active	company	4223	2021-09-10 11:05:26.530344400	2021-09-10 11:05:30.753845900	jfww-win-dt-21	32	amd64 / Windows 10 / 10.0	db_seeder_cmd_complete_company_3.0.3_win10
yugabyte	YugabyteDB	v3.0.3	cmd	client	active	company	13516	2021-09-10 11:06:29.691164000	2021-09-10 11:06:43.207505400	jfww-win-dt-21	32	amd64 / Windows 10 / 10.0	db_seeder_cmd_complete_company_3.0.3_win10
agens	AgensGraph	v3.0.3	cmd	client	inactive	company	3987	2021-09-10 11:07:17.961612400	2021-09-10 11:07:21.949113800	jfww-win-dt-21	32	amd64 / Windows 10 / 10.0	db_seeder_cmd_complete_company_3.0.3_win10
cubrid	CUBRID	v3.0.3	cmd	client	inactive	company	6776	2021-09-10 11:07:56.732675700	2021-09-10 11:08:03.508676900	jfww-win-dt-21	32	amd64 / Windows 10 / 10.0	db_seeder_cmd_complete_company_3.0.3_win10
derby	Apache Derby	v3.0.3	cmd	client	inactive	company	15899	2021-09-10 11:08:58.665471800	2021-09-10 11:09:14.565303300	jfww-win-dt-21	32	amd64 / Windows 10 / 10.0	db_seeder_cmd_complete_company_3.0.3_win10
derby_emb	Apache Derby	v3.0.3	cmd	embedded	inactive	company	18192	2021-09-10 11:09:15.385043700	2021-09-10 11:09:33.577262800	jfww-win-dt-21	32	amd64 / Windows 10 / 10.0	db_seeder_cmd_complete_company_3.0.3_win10
exasol	Exasol	v3.0.3	cmd	client	inactive	company	4363	2021-09-10 11:11:40.575104900	2021-09-10 11:11:44.938621900	jfww-win-dt-21	32	amd64 / Windows 10 / 10.0	db_seeder_cmd_complete_company_3.0.3_win10
firebird	Firebird	v3.0.3	cmd	client	inactive	company	76446	2021-09-10 11:12:42.172867300	2021-09-10 11:13:58.618868700	jfww-win-dt-21	32	amd64 / Windows 10 / 10.0	db_seeder_cmd_complete_company_3.0.3_win10
hsqldb	HSQLDB	v3.0.3	cmd	client	inactive	company	18580	2021-09-10 11:14:43.523755800	2021-09-10 11:15:02.103771400	jfww-win-dt-21	32	amd64 / Windows 10 / 10.0	db_seeder_cmd_complete_company_3.0.3_win10
ibmdb2	IBM Db2 Database	v3.0.3	cmd	client	inactive	company	24319	2021-09-10 11:20:08.384361800	2021-09-10 11:20:32.703942800	jfww-win-dt-21	32	amd64 / Windows 10 / 10.0	db_seeder_cmd_complete_company_3.0.3_win10
informix	IBM Informix	v3.0.3	cmd	client	inactive	company	20057	2021-09-10 11:24:24.486527000	2021-09-10 11:24:44.544182400	jfww-win-dt-21	32	amd64 / Windows 10 / 10.0	db_seeder_cmd_complete_company_3.0.3_win10
mariadb	MariaDB Server	v3.0.3	cmd	client	inactive	company	6625	2021-09-10 11:25:29.289367800	2021-09-10 11:25:35.915041300	jfww-win-dt-21	32	amd64 / Windows 10 / 10.0	db_seeder_cmd_complete_company_3.0.3_win10
mimer	Mimer SQL	v3.0.3	cmd	client	inactive	company	9508	2021-09-10 11:26:11.370186500	2021-09-10 11:26:20.878235200	jfww-win-dt-21	32	amd64 / Windows 10 / 10.0	db_seeder_cmd_complete_company_3.0.3_win10
monetdb	MonetDB	v3.0.3	cmd	client	inactive	company	8844	2021-09-10 11:26:31.496052000	2021-09-10 11:26:40.340361600	jfww-win-dt-21	32	amd64 / Windows 10 / 10.0	db_seeder_cmd_complete_company_3.0.3_win10
mysql	MySQL Database	v3.0.3	cmd	client	inactive	company	18888	2021-09-10 11:27:47.001336900	2021-09-10 11:28:05.889807500	jfww-win-dt-21	32	amd64 / Windows 10 / 10.0	db_seeder_cmd_complete_company_3.0.3_win10
oracle	Oracle Database	v3.0.3	cmd	client	inactive	company	16229	2021-09-10 11:29:13.534216100	2021-09-10 11:29:29.763289800	jfww-win-dt-21	32	amd64 / Windows 10 / 10.0	db_seeder_cmd_complete_company_3.0.3_win10
percona	Percona Server for MySQL	v3.0.3	cmd	client	inactive	company	19871	2021-09-10 11:30:41.363627500	2021-09-10 11:31:01.234800800	jfww-win-dt-21	32	amd64 / Windows 10 / 10.0	db_seeder_cmd_complete_company_3.0.3_win10
postgresql	PostgreSQL	v3.0.3	cmd	client	inactive	company	3804	2021-09-10 11:31:38.970585400	2021-09-10 11:31:42.774710700	jfww-win-dt-21	32	amd64 / Windows 10 / 10.0	db_seeder_cmd_complete_company_3.0.3_win10
sqlserver	MS SQL Server	v3.0.3	cmd	client	inactive	company	5467	2021-09-10 11:32:18.206128600	2021-09-10 11:32:23.673271300	jfww-win-dt-21	32	amd64 / Windows 10 / 10.0	db_seeder_cmd_complete_company_3.0.3_win10
timescale	TimescaleDB	v3.0.3	cmd	client	inactive	company	3797	2021-09-10 11:33:03.427743400	2021-09-10 11:33:07.225088600	jfww-win-dt-21	32	amd64 / Windows 10 / 10.0	db_seeder_cmd_complete_company_3.0.3_win10
yugabyte	YugabyteDB	v3.0.3	cmd	client	inactive	company	13055	2021-09-10 11:33:41.740389100	2021-09-10 11:33:54.795583400	jfww-win-dt-21	32	amd64 / Windows 10 / 10.0	db_seeder_cmd_complete_company_3.0.3_win10
agens	AgensGraph	v3.0.3	bash	client	active	company	4739	2021-09-10 15:12:55.800610860	2021-09-10 15:13:00.540463456	ubuntu	8	amd64 / Linux / 5.11.0-34-generic	db_seeder_bash_complete_company_3.0.3_vmware
cockroach	CockroachDB	v3.0.3	bash	client	active - no choice	company	6468	2021-09-10 15:13:40.330263904	2021-09-10 15:13:46.798527530	ubuntu	8	amd64 / Linux / 5.11.0-34-generic	db_seeder_bash_complete_company_3.0.3_vmware
cratedb	CrateDB	v3.0.3	bash	client	active - no choice	company	5814	2021-09-10 15:14:34.351741378	2021-09-10 15:14:40.166004892	ubuntu	8	amd64 / Linux / 5.11.0-34-generic	db_seeder_bash_complete_company_3.0.3_vmware
cubrid	CUBRID	v3.0.3	bash	client	active	company	7721	2021-09-10 15:15:23.135441891	2021-09-10 15:15:30.856537374	ubuntu	8	amd64 / Linux / 5.11.0-34-generic	db_seeder_bash_complete_company_3.0.3_vmware
derby	Apache Derby	v3.0.3	bash	client	active	company	6461	2021-09-10 15:17:19.793853015	2021-09-10 15:17:26.255031606	ubuntu	8	amd64 / Linux / 5.11.0-34-generic	db_seeder_bash_complete_company_3.0.3_vmware
derby_emb	Apache Derby	v3.0.3	bash	embedded	active	company	6176	2021-09-10 15:17:26.835180632	2021-09-10 15:17:33.011647550	ubuntu	8	amd64 / Linux / 5.11.0-34-generic	db_seeder_bash_complete_company_3.0.3_vmware
exasol	Exasol	v3.0.3	bash	client	active	company	3747	2021-09-10 15:21:12.884933739	2021-09-10 15:21:16.632269176	ubuntu	8	amd64 / Linux / 5.11.0-34-generic	db_seeder_bash_complete_company_3.0.3_vmware
firebird	Firebird	v3.0.3	bash	client	active	company	18779	2021-09-10 15:22:08.463585706	2021-09-10 15:22:27.242671939	ubuntu	8	amd64 / Linux / 5.11.0-34-generic	db_seeder_bash_complete_company_3.0.3_vmware
h2	H2 Database Engine	v3.0.3	bash	client	active - no choice	company	4548	2021-09-10 15:23:03.155704337	2021-09-10 15:23:07.703827411	ubuntu	8	amd64 / Linux / 5.11.0-34-generic	db_seeder_bash_complete_company_3.0.3_vmware
h2_emb	H2 Database Engine	v3.0.3	bash	embedded	active - no choice	company	2338	2021-09-10 15:23:08.288989981	2021-09-10 15:23:10.627524934	ubuntu	8	amd64 / Linux / 5.11.0-34-generic	db_seeder_bash_complete_company_3.0.3_vmware
hsqldb	HSQLDB	v3.0.3	bash	client	active	company	5682	2021-09-10 15:23:48.658220176	2021-09-10 15:23:54.340915411	ubuntu	8	amd64 / Linux / 5.11.0-34-generic	db_seeder_bash_complete_company_3.0.3_vmware
hsqldb_emb	HSQLDB	v3.0.3	bash	embedded	active	company	2718	2021-09-10 15:23:54.951986083	2021-09-10 15:23:57.670864057	ubuntu	8	amd64 / Linux / 5.11.0-34-generic	db_seeder_bash_complete_company_3.0.3_vmware
ibmdb2	IBM Db2 Database	v3.0.3	bash	client	active	company	5865	2021-09-10 15:29:49.498022972	2021-09-10 15:29:55.363672803	ubuntu	8	amd64 / Linux / 5.11.0-34-generic	db_seeder_bash_complete_company_3.0.3_vmware
informix	IBM Informix	v3.0.3	bash	client	active	company	8838	2021-09-10 15:48:11.283987059	2021-09-10 15:48:20.122897055	ubuntu	8	amd64 / Linux / 5.11.0-34-generic	db_seeder_bash_complete_company_3.0.3_vmware
mariadb	MariaDB Server	v3.0.3	bash	client	active	company	3304	2021-09-10 15:49:12.194602937	2021-09-10 15:49:15.499593463	ubuntu	8	amd64 / Linux / 5.11.0-34-generic	db_seeder_bash_complete_company_3.0.3_vmware
mimer	Mimer SQL	v3.0.3	bash	client	active	company	17366	2021-09-10 15:51:29.487816122	2021-09-10 15:51:46.853841112	ubuntu	8	amd64 / Linux / 5.11.0-34-generic	db_seeder_bash_complete_company_3.0.3_vmware
monetdb	MonetDB	v3.0.3	bash	client	active	company	6609	2021-09-10 15:54:06.120233584	2021-09-10 15:54:12.729489180	ubuntu	8	amd64 / Linux / 5.11.0-34-generic	db_seeder_bash_complete_company_3.0.3_vmware
mysql	MySQL Database	v3.0.3	bash	client	active	company	4700	2021-09-10 15:55:26.610179912	2021-09-10 15:55:31.311038992	ubuntu	8	amd64 / Linux / 5.11.0-34-generic	db_seeder_bash_complete_company_3.0.3_vmware
mysql_trino	MySQL Database	v3.0.3	bash	trino	active - no choice	company	826276	2021-09-10 15:57:34.931762857	2021-09-10 16:11:21.208704071	ubuntu	8	amd64 / Linux / 5.11.0-34-generic	db_seeder_bash_complete_company_3.0.3_vmware
omnisci	OmniSciDB	v3.0.3	bash	client	active - no choice	company	4241	2021-09-10 16:23:41.052361987	2021-09-10 16:23:45.293568961	ubuntu	8	amd64 / Linux / 5.11.0-34-generic	db_seeder_bash_complete_company_3.0.3_vmware
oracle	Oracle Database	v3.0.3	bash	client	active	company	5142	2021-09-10 18:40:09.513870193	2021-09-10 18:40:14.656163167	ubuntu	8	amd64 / Linux / 5.11.0-34-generic	db_seeder_bash_complete_company_3.0.3_vmware
oracle_trino	Oracle Database	v3.0.3	bash	trino	active - no choice	company	1183553	2021-09-10 18:42:50.466794055	2021-09-10 19:02:34.020342097	ubuntu	8	amd64 / Linux / 5.11.0-34-generic	db_seeder_bash_complete_company_3.0.3_vmware
percona	Percona Server for MySQL	v3.0.3	bash	client	active	company	4841	2021-09-10 19:03:53.659457626	2021-09-10 19:03:58.501118551	ubuntu	8	amd64 / Linux / 5.11.0-34-generic	db_seeder_bash_complete_company_3.0.3_vmware
postgresql	PostgreSQL	v3.0.3	bash	client	active	company	3721	2021-09-10 19:04:39.459372681	2021-09-10 19:04:43.181180345	ubuntu	8	amd64 / Linux / 5.11.0-34-generic	db_seeder_bash_complete_company_3.0.3_vmware
postgresql_trino	PostgreSQL	v3.0.3	bash	trino	active - no choice	company	607349	2021-09-10 19:05:46.287860951	2021-09-10 19:15:53.637087904	ubuntu	8	amd64 / Linux / 5.11.0-34-generic	db_seeder_bash_complete_company_3.0.3_vmware
sqlite	SQLite	v3.0.3	bash	embedded	active - no choice	company	2138	2021-09-10 19:15:54.398539336	2021-09-10 19:15:56.537000632	ubuntu	8	amd64 / Linux / 5.11.0-34-generic	db_seeder_bash_complete_company_3.0.3_vmware
sqlserver	MS SQL Server	v3.0.3	bash	client	active	company	4086	2021-09-10 19:16:51.020737709	2021-09-10 19:16:55.107530262	ubuntu	8	amd64 / Linux / 5.11.0-34-generic	db_seeder_bash_complete_company_3.0.3_vmware
sqlserver_trino	MS SQL Server	v3.0.3	bash	trino	active - no choice	company	991938	2021-09-10 19:18:23.698290275	2021-09-10 19:34:55.636442547	ubuntu	8	amd64 / Linux / 5.11.0-34-generic	db_seeder_bash_complete_company_3.0.3_vmware
timescale	TimescaleDB	v3.0.3	bash	client	active	company	3788	2021-09-10 19:35:36.995474167	2021-09-10 19:35:40.784399600	ubuntu	8	amd64 / Linux / 5.11.0-34-generic	db_seeder_bash_complete_company_3.0.3_vmware
yugabyte	YugabyteDB	v3.0.3	bash	client	active	company	12645	2021-09-10 19:37:13.874001635	2021-09-10 19:37:26.519418497	ubuntu	8	amd64 / Linux / 5.11.0-34-generic	db_seeder_bash_complete_company_3.0.3_vmware
agens	AgensGraph	v3.0.3	bash	client	inactive	company	3925	2021-09-10 19:38:03.379266445	2021-09-10 19:38:07.304615300	ubuntu	8	amd64 / Linux / 5.11.0-34-generic	db_seeder_bash_complete_company_3.0.3_vmware
cubrid	CUBRID	v3.0.3	bash	client	inactive	company	6961	2021-09-10 19:38:47.485229886	2021-09-10 19:38:54.446785550	ubuntu	8	amd64 / Linux / 5.11.0-34-generic	db_seeder_bash_complete_company_3.0.3_vmware
derby	Apache Derby	v3.0.3	bash	client	inactive	company	6454	2021-09-10 19:39:48.543674142	2021-09-10 19:39:54.997978203	ubuntu	8	amd64 / Linux / 5.11.0-34-generic	db_seeder_bash_complete_company_3.0.3_vmware
derby_emb	Apache Derby	v3.0.3	bash	embedded	inactive	company	5910	2021-09-10 19:39:55.605042517	2021-09-10 19:40:01.515616360	ubuntu	8	amd64 / Linux / 5.11.0-34-generic	db_seeder_bash_complete_company_3.0.3_vmware
exasol	Exasol	v3.0.3	bash	client	inactive	company	4044	2021-09-10 19:43:36.452899307	2021-09-10 19:43:40.497322571	ubuntu	8	amd64 / Linux / 5.11.0-34-generic	db_seeder_bash_complete_company_3.0.3_vmware
firebird	Firebird	v3.0.3	bash	client	inactive	company	16556	2021-09-10 19:44:31.743526734	2021-09-10 19:44:48.300356422	ubuntu	8	amd64 / Linux / 5.11.0-34-generic	db_seeder_bash_complete_company_3.0.3_vmware
hsqldb	HSQLDB	v3.0.3	bash	client	inactive	company	5963	2021-09-10 19:45:24.796667739	2021-09-10 19:45:30.759849772	ubuntu	8	amd64 / Linux / 5.11.0-34-generic	db_seeder_bash_complete_company_3.0.3_vmware
ibmdb2	IBM Db2 Database	v3.0.3	bash	client	inactive	company	6312	2021-09-10 19:51:23.922537596	2021-09-10 19:51:30.235192064	ubuntu	8	amd64 / Linux / 5.11.0-34-generic	db_seeder_bash_complete_company_3.0.3_vmware
informix	IBM Informix	v3.0.3	bash	client	inactive	company	10364	2021-09-10 19:56:00.101465281	2021-09-10 19:56:10.465552845	ubuntu	8	amd64 / Linux / 5.11.0-34-generic	db_seeder_bash_complete_company_3.0.3_vmware
mariadb	MariaDB Server	v3.0.3	bash	client	inactive	company	5331	2021-09-10 19:57:02.444395780	2021-09-10 19:57:07.776276008	ubuntu	8	amd64 / Linux / 5.11.0-34-generic	db_seeder_bash_complete_company_3.0.3_vmware
mimer	Mimer SQL	v3.0.3	bash	client	inactive	company	16171	2021-09-10 19:57:48.605282900	2021-09-10 19:58:04.777039115	ubuntu	8	amd64 / Linux / 5.11.0-34-generic	db_seeder_bash_complete_company_3.0.3_vmware
monetdb	MonetDB	v3.0.3	bash	client	inactive	company	5833	2021-09-10 19:58:27.821193026	2021-09-10 19:58:33.654594604	ubuntu	8	amd64 / Linux / 5.11.0-34-generic	db_seeder_bash_complete_company_3.0.3_vmware
mysql	MySQL Database	v3.0.3	bash	client	inactive	company	6678	2021-09-10 19:59:47.394494528	2021-09-10 19:59:54.072822467	ubuntu	8	amd64 / Linux / 5.11.0-34-generic	db_seeder_bash_complete_company_3.0.3_vmware
oracle	Oracle Database	v3.0.3	bash	client	inactive	company	9069	2021-09-10 20:04:52.583616505	2021-09-10 20:05:01.652890424	ubuntu	8	amd64 / Linux / 5.11.0-34-generic	db_seeder_bash_complete_company_3.0.3_vmware
percona	Percona Server for MySQL	v3.0.3	bash	client	inactive	company	6619	2021-09-10 20:06:18.760853977	2021-09-10 20:06:25.380439807	ubuntu	8	amd64 / Linux / 5.11.0-34-generic	db_seeder_bash_complete_company_3.0.3_vmware
postgresql	PostgreSQL	v3.0.3	bash	client	inactive	company	3519	2021-09-10 20:07:05.968056184	2021-09-10 20:07:09.487916176	ubuntu	8	amd64 / Linux / 5.11.0-34-generic	db_seeder_bash_complete_company_3.0.3_vmware
sqlserver	MS SQL Server	v3.0.3	bash	client	inactive	company	4011	2021-09-10 20:08:03.651190163	2021-09-10 20:08:07.662846554	ubuntu	8	amd64 / Linux / 5.11.0-34-generic	db_seeder_bash_complete_company_3.0.3_vmware
timescale	TimescaleDB	v3.0.3	bash	client	inactive	company	3452	2021-09-10 20:08:54.846015804	2021-09-10 20:08:58.298901365	ubuntu	8	amd64 / Linux / 5.11.0-34-generic	db_seeder_bash_complete_company_3.0.3_vmware
yugabyte	YugabyteDB	v3.0.3	bash	client	inactive	company	12191	2021-09-10 20:09:54.707175507	2021-09-10 20:10:06.898652846	ubuntu	8	amd64 / Linux / 5.11.0-34-generic	db_seeder_bash_complete_company_3.0.3_vmware
agens	AgensGraph	v3.0.4	bash	client	active	company	3708	2021-10-29 05:21:14.856108700	2021-10-29 05:21:18.564923800	jfww-win-dt-21	32	amd64 / Linux / 5.4.72-microsoft-standard-WSL2	db_seeder_bash_complete_company_3.0.4_wsl2
cockroach	CockroachDB	v3.0.4	bash	client	active - no choice	company	5168	2021-10-29 05:21:51.445609200	2021-10-29 05:21:56.613939700	jfww-win-dt-21	32	amd64 / Linux / 5.4.72-microsoft-standard-WSL2	db_seeder_bash_complete_company_3.0.4_wsl2
cratedb	CrateDB	v3.0.4	bash	client	active - no choice	company	4923	2021-10-29 05:22:33.828115700	2021-10-29 05:22:38.751821000	jfww-win-dt-21	32	amd64 / Linux / 5.4.72-microsoft-standard-WSL2	db_seeder_bash_complete_company_3.0.4_wsl2
cubrid	CUBRID	v3.0.4	bash	client	active	company	5552	2021-10-29 05:23:11.706381100	2021-10-29 05:23:17.258832600	jfww-win-dt-21	32	amd64 / Linux / 5.4.72-microsoft-standard-WSL2	db_seeder_bash_complete_company_3.0.4_wsl2
derby	Apache Derby	v3.0.4	bash	client	active	company	17035	2021-10-29 05:24:00.188706800	2021-10-29 05:24:17.224126900	jfww-win-dt-21	32	amd64 / Linux / 5.4.72-microsoft-standard-WSL2	db_seeder_bash_complete_company_3.0.4_wsl2
derby_emb	Apache Derby	v3.0.4	bash	embedded	active	company	10821	2021-10-29 05:24:18.258522600	2021-10-29 05:24:29.080169800	jfww-win-dt-21	32	amd64 / Linux / 5.4.72-microsoft-standard-WSL2	db_seeder_bash_complete_company_3.0.4_wsl2
exasol	Exasol	v3.0.4	bash	client	active	company	3626	2021-10-29 05:26:32.577143200	2021-10-29 05:26:36.204124200	jfww-win-dt-21	32	amd64 / Linux / 5.4.72-microsoft-standard-WSL2	db_seeder_bash_complete_company_3.0.4_wsl2
firebird	Firebird	v3.0.4	bash	client	active	company	83240	2021-10-29 05:27:21.707895600	2021-10-29 05:28:44.948817800	jfww-win-dt-21	32	amd64 / Linux / 5.4.72-microsoft-standard-WSL2	db_seeder_bash_complete_company_3.0.4_wsl2
h2	H2 Database Engine	v3.0.4	bash	client	active - no choice	company	5094	2021-10-29 05:29:17.955052100	2021-10-29 05:29:23.049306700	jfww-win-dt-21	32	amd64 / Linux / 5.4.72-microsoft-standard-WSL2	db_seeder_bash_complete_company_3.0.4_wsl2
h2_emb	H2 Database Engine	v3.0.4	bash	embedded	active - no choice	company	3576	2021-10-29 05:29:24.126721800	2021-10-29 05:29:27.702814600	jfww-win-dt-21	32	amd64 / Linux / 5.4.72-microsoft-standard-WSL2	db_seeder_bash_complete_company_3.0.4_wsl2
hsqldb	HSQLDB	v3.0.4	bash	client	active	company	17688	2021-10-29 05:30:01.304932400	2021-10-29 05:30:18.993888200	jfww-win-dt-21	32	amd64 / Linux / 5.4.72-microsoft-standard-WSL2	db_seeder_bash_complete_company_3.0.4_wsl2
hsqldb_emb	HSQLDB	v3.0.4	bash	embedded	active	company	2590	2021-10-29 05:30:20.030470700	2021-10-29 05:30:22.620922600	jfww-win-dt-21	32	amd64 / Linux / 5.4.72-microsoft-standard-WSL2	db_seeder_bash_complete_company_3.0.4_wsl2
ibmdb2	IBM Db2 Database	v3.0.4	bash	client	active	company	23710	2021-10-29 05:35:25.633929300	2021-10-29 05:35:49.344418700	jfww-win-dt-21	32	amd64 / Linux / 5.4.72-microsoft-standard-WSL2	db_seeder_bash_complete_company_3.0.4_wsl2
informix	IBM Informix	v3.0.4	bash	client	active	company	13173	2021-10-29 05:39:59.441199200	2021-10-29 05:40:12.614562600	jfww-win-dt-21	32	amd64 / Linux / 5.4.72-microsoft-standard-WSL2	db_seeder_bash_complete_company_3.0.4_wsl2
mariadb	MariaDB Server	v3.0.4	bash	client	active	company	3871	2021-10-29 05:40:55.490187400	2021-10-29 05:40:59.362106300	jfww-win-dt-21	32	amd64 / Linux / 5.4.72-microsoft-standard-WSL2	db_seeder_bash_complete_company_3.0.4_wsl2
mimer	Mimer SQL	v3.0.4	bash	client	active	company	12798	2021-10-29 05:41:32.749546300	2021-10-29 05:41:45.548307700	jfww-win-dt-21	32	amd64 / Linux / 5.4.72-microsoft-standard-WSL2	db_seeder_bash_complete_company_3.0.4_wsl2
monetdb	MonetDB	v3.0.4	bash	client	active	company	7826	2021-10-29 05:41:53.366908600	2021-10-29 05:42:01.193560400	jfww-win-dt-21	32	amd64 / Linux / 5.4.72-microsoft-standard-WSL2	db_seeder_bash_complete_company_3.0.4_wsl2
mysql	MySQL Database	v3.0.4	bash	client	active	company	5831	2021-10-29 05:43:05.270915700	2021-10-29 05:43:11.102216100	jfww-win-dt-21	32	amd64 / Linux / 5.4.72-microsoft-standard-WSL2	db_seeder_bash_complete_company_3.0.4_wsl2
mysql_trino	MySQL Database	v3.0.4	bash	trino	active - no choice	company	526875	2021-10-29 05:44:49.162725300	2021-10-29 05:53:36.038021800	jfww-win-dt-21	32	amd64 / Linux / 5.4.72-microsoft-standard-WSL2	db_seeder_bash_complete_company_3.0.4_wsl2
omnisci	OmniSciDB	v3.0.4	bash	client	active - no choice	company	38483	2021-10-29 05:54:41.749996100	2021-10-29 05:55:20.233112400	jfww-win-dt-21	32	amd64 / Linux / 5.4.72-microsoft-standard-WSL2	db_seeder_bash_complete_company_3.0.4_wsl2
oracle	Oracle Database	v3.0.4	bash	client	active	company	13965	2021-10-29 05:56:33.955381100	2021-10-29 05:56:47.920681500	jfww-win-dt-21	32	amd64 / Linux / 5.4.72-microsoft-standard-WSL2	db_seeder_bash_complete_company_3.0.4_wsl2
oracle_trino	Oracle Database	v3.0.4	bash	trino	active - no choice	company	307799	2021-10-29 05:58:29.812648900	2021-10-29 06:03:37.612497500	jfww-win-dt-21	32	amd64 / Linux / 5.4.72-microsoft-standard-WSL2	db_seeder_bash_complete_company_3.0.4_wsl2
percona	Percona Server for MySQL	v3.0.4	bash	client	active	company	6608	2021-10-29 06:04:44.469273200	2021-10-29 06:04:51.077580900	jfww-win-dt-21	32	amd64 / Linux / 5.4.72-microsoft-standard-WSL2	db_seeder_bash_complete_company_3.0.4_wsl2
postgresql	PostgreSQL	v3.0.4	bash	client	active	company	4165	2021-10-29 06:05:27.471641500	2021-10-29 06:05:31.636837800	jfww-win-dt-21	32	amd64 / Linux / 5.4.72-microsoft-standard-WSL2	db_seeder_bash_complete_company_3.0.4_wsl2
postgresql_trino	PostgreSQL	v3.0.4	bash	trino	active - no choice	company	465675	2021-10-29 06:06:37.838325800	2021-10-29 06:14:23.513595400	jfww-win-dt-21	32	amd64 / Linux / 5.4.72-microsoft-standard-WSL2	db_seeder_bash_complete_company_3.0.4_wsl2
sqlite	SQLite	v3.0.4	bash	embedded	active - no choice	company	5886	2021-10-29 06:14:24.614147100	2021-10-29 06:14:30.500818600	jfww-win-dt-21	32	amd64 / Linux / 5.4.72-microsoft-standard-WSL2	db_seeder_bash_complete_company_3.0.4_wsl2
sqlserver	MS SQL Server	v3.0.4	bash	client	active	company	4385	2021-10-29 06:15:03.834609400	2021-10-29 06:15:08.220377300	jfww-win-dt-21	32	amd64 / Linux / 5.4.72-microsoft-standard-WSL2	db_seeder_bash_complete_company_3.0.4_wsl2
sqlserver_trino	MS SQL Server	v3.0.4	bash	trino	active - no choice	company	727896	2021-10-29 06:16:19.061209800	2021-10-29 06:28:26.957257900	jfww-win-dt-21	32	amd64 / Linux / 5.4.72-microsoft-standard-WSL2	db_seeder_bash_complete_company_3.0.4_wsl2
timescale	TimescaleDB	v3.0.4	bash	client	active	company	4385	2021-10-29 06:29:00.635655100	2021-10-29 06:29:05.020668300	jfww-win-dt-21	32	amd64 / Linux / 5.4.72-microsoft-standard-WSL2	db_seeder_bash_complete_company_3.0.4_wsl2
yugabyte	YugabyteDB	v3.0.4	bash	client	active	company	13777	2021-10-29 06:30:00.296686200	2021-10-29 06:30:14.073994500	jfww-win-dt-21	32	amd64 / Linux / 5.4.72-microsoft-standard-WSL2	db_seeder_bash_complete_company_3.0.4_wsl2
agens	AgensGraph	v3.0.4	bash	client	inactive	company	4015	2021-10-29 06:30:46.982834300	2021-10-29 06:30:50.998056900	jfww-win-dt-21	32	amd64 / Linux / 5.4.72-microsoft-standard-WSL2	db_seeder_bash_complete_company_3.0.4_wsl2
cubrid	CUBRID	v3.0.4	bash	client	inactive	company	6537	2021-10-29 06:31:24.177565400	2021-10-29 06:31:30.715079400	jfww-win-dt-21	32	amd64 / Linux / 5.4.72-microsoft-standard-WSL2	db_seeder_bash_complete_company_3.0.4_wsl2
derby	Apache Derby	v3.0.4	bash	client	inactive	company	15409	2021-10-29 06:32:14.037139000	2021-10-29 06:32:29.447022100	jfww-win-dt-21	32	amd64 / Linux / 5.4.72-microsoft-standard-WSL2	db_seeder_bash_complete_company_3.0.4_wsl2
derby_emb	Apache Derby	v3.0.4	bash	embedded	inactive	company	12799	2021-10-29 06:32:30.487194600	2021-10-29 06:32:43.286711100	jfww-win-dt-21	32	amd64 / Linux / 5.4.72-microsoft-standard-WSL2	db_seeder_bash_complete_company_3.0.4_wsl2
exasol	Exasol	v3.0.4	bash	client	inactive	company	4163	2021-10-29 06:34:46.875531300	2021-10-29 06:34:51.038940100	jfww-win-dt-21	32	amd64 / Linux / 5.4.72-microsoft-standard-WSL2	db_seeder_bash_complete_company_3.0.4_wsl2
firebird	Firebird	v3.0.4	bash	client	inactive	company	70365	2021-10-29 06:35:37.149576100	2021-10-29 06:36:47.515267100	jfww-win-dt-21	32	amd64 / Linux / 5.4.72-microsoft-standard-WSL2	db_seeder_bash_complete_company_3.0.4_wsl2
hsqldb	HSQLDB	v3.0.4	bash	client	inactive	company	18525	2021-10-29 06:37:20.566619000	2021-10-29 06:37:39.091937600	jfww-win-dt-21	32	amd64 / Linux / 5.4.72-microsoft-standard-WSL2	db_seeder_bash_complete_company_3.0.4_wsl2
ibmdb2	IBM Db2 Database	v3.0.4	bash	client	inactive	company	24199	2021-10-29 06:42:42.165785100	2021-10-29 06:43:06.365653700	jfww-win-dt-21	32	amd64 / Linux / 5.4.72-microsoft-standard-WSL2	db_seeder_bash_complete_company_3.0.4_wsl2
informix	IBM Informix	v3.0.4	bash	client	inactive	company	13410	2021-10-29 06:47:16.276895400	2021-10-29 06:47:29.687280800	jfww-win-dt-21	32	amd64 / Linux / 5.4.72-microsoft-standard-WSL2	db_seeder_bash_complete_company_3.0.4_wsl2
mariadb	MariaDB Server	v3.0.4	bash	client	inactive	company	7079	2021-10-29 06:48:12.553713000	2021-10-29 06:48:19.633424600	jfww-win-dt-21	32	amd64 / Linux / 5.4.72-microsoft-standard-WSL2	db_seeder_bash_complete_company_3.0.4_wsl2
mimer	Mimer SQL	v3.0.4	bash	client	inactive	company	13549	2021-10-29 06:48:53.078006900	2021-10-29 06:49:06.627313800	jfww-win-dt-21	32	amd64 / Linux / 5.4.72-microsoft-standard-WSL2	db_seeder_bash_complete_company_3.0.4_wsl2
monetdb	MonetDB	v3.0.4	bash	client	inactive	company	6311	2021-10-29 06:49:14.499725300	2021-10-29 06:49:20.810790300	jfww-win-dt-21	32	amd64 / Linux / 5.4.72-microsoft-standard-WSL2	db_seeder_bash_complete_company_3.0.4_wsl2
mysql	MySQL Database	v3.0.4	bash	client	inactive	company	19171	2021-10-29 06:50:24.855961300	2021-10-29 06:50:44.027670200	jfww-win-dt-21	32	amd64 / Linux / 5.4.72-microsoft-standard-WSL2	db_seeder_bash_complete_company_3.0.4_wsl2
oracle	Oracle Database	v3.0.4	bash	client	inactive	company	15157	2021-10-29 06:51:48.664464100	2021-10-29 06:52:03.821595600	jfww-win-dt-21	32	amd64 / Linux / 5.4.72-microsoft-standard-WSL2	db_seeder_bash_complete_company_3.0.4_wsl2
percona	Percona Server for MySQL	v3.0.4	bash	client	inactive	company	18919	2021-10-29 06:53:10.701531600	2021-10-29 06:53:29.621268500	jfww-win-dt-21	32	amd64 / Linux / 5.4.72-microsoft-standard-WSL2	db_seeder_bash_complete_company_3.0.4_wsl2
postgresql	PostgreSQL	v3.0.4	bash	client	inactive	company	3748	2021-10-29 06:54:04.145611800	2021-10-29 06:54:07.893818600	jfww-win-dt-21	32	amd64 / Linux / 5.4.72-microsoft-standard-WSL2	db_seeder_bash_complete_company_3.0.4_wsl2
sqlserver	MS SQL Server	v3.0.4	bash	client	inactive	company	5383	2021-10-29 06:54:40.844615800	2021-10-29 06:54:46.228532800	jfww-win-dt-21	32	amd64 / Linux / 5.4.72-microsoft-standard-WSL2	db_seeder_bash_complete_company_3.0.4_wsl2
timescale	TimescaleDB	v3.0.4	bash	client	inactive	company	3838	2021-10-29 06:55:25.536632100	2021-10-29 06:55:29.374744000	jfww-win-dt-21	32	amd64 / Linux / 5.4.72-microsoft-standard-WSL2	db_seeder_bash_complete_company_3.0.4_wsl2
yugabyte	YugabyteDB	v3.0.4	bash	client	inactive	company	12892	2021-10-29 06:56:02.140632800	2021-10-29 06:56:15.032738400	jfww-win-dt-21	32	amd64 / Linux / 5.4.72-microsoft-standard-WSL2	db_seeder_bash_complete_company_3.0.4_wsl2
agens	AgensGraph	v3.0.3	bash	client	active	company	3915	2021-09-10 12:07:06.684004900	2021-09-10 12:07:10.599423000	jfww-win-dt-21	32	amd64 / Linux / 5.4.72-microsoft-standard-WSL2	db_seeder_bash_complete_company_3.0.3_wsl2
cockroach	CockroachDB	v3.0.3	bash	client	active - no choice	company	5619	2021-09-10 12:07:43.720566400	2021-09-10 12:07:49.340332600	jfww-win-dt-21	32	amd64 / Linux / 5.4.72-microsoft-standard-WSL2	db_seeder_bash_complete_company_3.0.3_wsl2
cratedb	CrateDB	v3.0.3	bash	client	active - no choice	company	5058	2021-09-10 12:08:22.554199700	2021-09-10 12:08:27.612570500	jfww-win-dt-21	32	amd64 / Linux / 5.4.72-microsoft-standard-WSL2	db_seeder_bash_complete_company_3.0.3_wsl2
cubrid	CUBRID	v3.0.3	bash	client	active	company	5934	2021-09-10 12:09:00.707811100	2021-09-10 12:09:06.642080500	jfww-win-dt-21	32	amd64 / Linux / 5.4.72-microsoft-standard-WSL2	db_seeder_bash_complete_company_3.0.3_wsl2
derby	Apache Derby	v3.0.3	bash	client	active	company	14607	2021-09-10 12:09:49.722213200	2021-09-10 12:10:04.329614000	jfww-win-dt-21	32	amd64 / Linux / 5.4.72-microsoft-standard-WSL2	db_seeder_bash_complete_company_3.0.3_wsl2
derby_emb	Apache Derby	v3.0.3	bash	embedded	active	company	12222	2021-09-10 12:10:05.387776000	2021-09-10 12:10:17.609999900	jfww-win-dt-21	32	amd64 / Linux / 5.4.72-microsoft-standard-WSL2	db_seeder_bash_complete_company_3.0.3_wsl2
exasol	Exasol	v3.0.3	bash	client	active	company	3819	2021-09-10 12:12:21.163399100	2021-09-10 12:12:24.982830100	jfww-win-dt-21	32	amd64 / Linux / 5.4.72-microsoft-standard-WSL2	db_seeder_bash_complete_company_3.0.3_wsl2
firebird	Firebird	v3.0.3	bash	client	active	company	88580	2021-09-10 12:13:10.970181300	2021-09-10 12:14:39.550950500	jfww-win-dt-21	32	amd64 / Linux / 5.4.72-microsoft-standard-WSL2	db_seeder_bash_complete_company_3.0.3_wsl2
h2	H2 Database Engine	v3.0.3	bash	client	active - no choice	company	5882	2021-09-10 12:15:12.639351800	2021-09-10 12:15:18.522266900	jfww-win-dt-21	32	amd64 / Linux / 5.4.72-microsoft-standard-WSL2	db_seeder_bash_complete_company_3.0.3_wsl2
h2_emb	H2 Database Engine	v3.0.3	bash	embedded	active - no choice	company	3413	2021-09-10 12:15:19.599740200	2021-09-10 12:15:23.013379400	jfww-win-dt-21	32	amd64 / Linux / 5.4.72-microsoft-standard-WSL2	db_seeder_bash_complete_company_3.0.3_wsl2
hsqldb	HSQLDB	v3.0.3	bash	client	active	company	17767	2021-09-10 12:15:56.568666700	2021-09-10 12:16:14.336614200	jfww-win-dt-21	32	amd64 / Linux / 5.4.72-microsoft-standard-WSL2	db_seeder_bash_complete_company_3.0.3_wsl2
hsqldb_emb	HSQLDB	v3.0.3	bash	embedded	active	company	2894	2021-09-10 12:16:15.436653600	2021-09-10 12:16:18.330812000	jfww-win-dt-21	32	amd64 / Linux / 5.4.72-microsoft-standard-WSL2	db_seeder_bash_complete_company_3.0.3_wsl2
ibmdb2	IBM Db2 Database	v3.0.3	bash	client	active	company	23164	2021-09-10 12:21:21.333843500	2021-09-10 12:21:44.498361500	jfww-win-dt-21	32	amd64 / Linux / 5.4.72-microsoft-standard-WSL2	db_seeder_bash_complete_company_3.0.3_wsl2
informix	IBM Informix	v3.0.3	bash	client	active	company	14934	2021-09-10 12:25:44.434634900	2021-09-10 12:25:59.368893400	jfww-win-dt-21	32	amd64 / Linux / 5.4.72-microsoft-standard-WSL2	db_seeder_bash_complete_company_3.0.3_wsl2
mariadb	MariaDB Server	v3.0.3	bash	client	active	company	3881	2021-09-10 12:26:42.260934400	2021-09-10 12:26:46.142514700	jfww-win-dt-21	32	amd64 / Linux / 5.4.72-microsoft-standard-WSL2	db_seeder_bash_complete_company_3.0.3_wsl2
mimer	Mimer SQL	v3.0.3	bash	client	active	company	13368	2021-09-10 12:27:19.505650600	2021-09-10 12:27:32.873986800	jfww-win-dt-21	32	amd64 / Linux / 5.4.72-microsoft-standard-WSL2	db_seeder_bash_complete_company_3.0.3_wsl2
monetdb	MonetDB	v3.0.3	bash	client	active	company	7916	2021-09-10 12:27:40.857860700	2021-09-10 12:27:48.774379000	jfww-win-dt-21	32	amd64 / Linux / 5.4.72-microsoft-standard-WSL2	db_seeder_bash_complete_company_3.0.3_wsl2
mysql	MySQL Database	v3.0.3	bash	client	active	company	5995	2021-09-10 12:28:52.804161500	2021-09-10 12:28:58.799296700	jfww-win-dt-21	32	amd64 / Linux / 5.4.72-microsoft-standard-WSL2	db_seeder_bash_complete_company_3.0.3_wsl2
mysql_trino	MySQL Database	v3.0.3	bash	trino	active - no choice	company	1999897	2021-09-10 12:30:37.210600400	2021-09-10 13:03:57.107931400	jfww-win-dt-21	32	amd64 / Linux / 5.4.72-microsoft-standard-WSL2	db_seeder_bash_complete_company_3.0.3_wsl2
omnisci	OmniSciDB	v3.0.3	bash	client	active - no choice	company	36638	2021-09-10 13:05:04.035836000	2021-09-10 13:05:40.674192300	jfww-win-dt-21	32	amd64 / Linux / 5.4.72-microsoft-standard-WSL2	db_seeder_bash_complete_company_3.0.3_wsl2
oracle	Oracle Database	v3.0.3	bash	client	active	company	12103	2021-09-10 13:06:54.119187800	2021-09-10 13:07:06.222555500	jfww-win-dt-21	32	amd64 / Linux / 5.4.72-microsoft-standard-WSL2	db_seeder_bash_complete_company_3.0.3_wsl2
oracle_trino	Oracle Database	v3.0.3	bash	trino	active - no choice	company	1589925	2021-09-10 13:08:53.453725200	2021-09-10 13:35:23.379165300	jfww-win-dt-21	32	amd64 / Linux / 5.4.72-microsoft-standard-WSL2	db_seeder_bash_complete_company_3.0.3_wsl2
percona	Percona Server for MySQL	v3.0.3	bash	client	active	company	13039	2021-09-10 13:36:41.664666900	2021-09-10 13:36:54.704382000	jfww-win-dt-21	32	amd64 / Linux / 5.4.72-microsoft-standard-WSL2	db_seeder_bash_complete_company_3.0.3_wsl2
postgresql	PostgreSQL	v3.0.3	bash	client	active	company	4030	2021-09-10 13:37:31.812356800	2021-09-10 13:37:35.842686600	jfww-win-dt-21	32	amd64 / Linux / 5.4.72-microsoft-standard-WSL2	db_seeder_bash_complete_company_3.0.3_wsl2
postgresql_trino	PostgreSQL	v3.0.3	bash	trino	active - no choice	company	522438	2021-09-10 13:38:42.038517600	2021-09-10 13:47:24.477261000	jfww-win-dt-21	32	amd64 / Linux / 5.4.72-microsoft-standard-WSL2	db_seeder_bash_complete_company_3.0.3_wsl2
sqlite	SQLite	v3.0.3	bash	embedded	active - no choice	company	6516	2021-09-10 13:47:25.643879300	2021-09-10 13:47:32.160415600	jfww-win-dt-21	32	amd64 / Linux / 5.4.72-microsoft-standard-WSL2	db_seeder_bash_complete_company_3.0.3_wsl2
sqlserver	MS SQL Server	v3.0.3	bash	client	active	company	4631	2021-09-10 13:48:06.453851100	2021-09-10 13:48:11.085664700	jfww-win-dt-21	32	amd64 / Linux / 5.4.72-microsoft-standard-WSL2	db_seeder_bash_complete_company_3.0.3_wsl2
sqlserver_trino	MS SQL Server	v3.0.3	bash	trino	active - no choice	company	1050856	2021-09-10 13:49:21.666041600	2021-09-10 14:06:52.522501200	jfww-win-dt-21	32	amd64 / Linux / 5.4.72-microsoft-standard-WSL2	db_seeder_bash_complete_company_3.0.3_wsl2
timescale	TimescaleDB	v3.0.3	bash	client	active	company	4094	2021-09-10 14:07:26.486403300	2021-09-10 14:07:30.580694400	jfww-win-dt-21	32	amd64 / Linux / 5.4.72-microsoft-standard-WSL2	db_seeder_bash_complete_company_3.0.3_wsl2
yugabyte	YugabyteDB	v3.0.3	bash	client	active	company	13274	2021-09-10 14:08:25.825286900	2021-09-10 14:08:39.099302500	jfww-win-dt-21	32	amd64 / Linux / 5.4.72-microsoft-standard-WSL2	db_seeder_bash_complete_company_3.0.3_wsl2
agens	AgensGraph	v3.0.3	bash	client	inactive	company	4018	2021-09-10 14:09:11.973072200	2021-09-10 14:09:15.991939600	jfww-win-dt-21	32	amd64 / Linux / 5.4.72-microsoft-standard-WSL2	db_seeder_bash_complete_company_3.0.3_wsl2
cubrid	CUBRID	v3.0.3	bash	client	inactive	company	6320	2021-09-10 14:09:48.873929800	2021-09-10 14:09:55.194799200	jfww-win-dt-21	32	amd64 / Linux / 5.4.72-microsoft-standard-WSL2	db_seeder_bash_complete_company_3.0.3_wsl2
derby	Apache Derby	v3.0.3	bash	client	inactive	company	15617	2021-09-10 14:10:38.406234900	2021-09-10 14:10:54.024103300	jfww-win-dt-21	32	amd64 / Linux / 5.4.72-microsoft-standard-WSL2	db_seeder_bash_complete_company_3.0.3_wsl2
derby_emb	Apache Derby	v3.0.3	bash	embedded	inactive	company	13797	2021-09-10 14:10:55.103184900	2021-09-10 14:11:08.900302500	jfww-win-dt-21	32	amd64 / Linux / 5.4.72-microsoft-standard-WSL2	db_seeder_bash_complete_company_3.0.3_wsl2
exasol	Exasol	v3.0.3	bash	client	inactive	company	3950	2021-09-10 14:13:12.573115800	2021-09-10 14:13:16.523682800	jfww-win-dt-21	32	amd64 / Linux / 5.4.72-microsoft-standard-WSL2	db_seeder_bash_complete_company_3.0.3_wsl2
firebird	Firebird	v3.0.3	bash	client	inactive	company	70636	2021-09-10 14:14:02.657546800	2021-09-10 14:15:13.293550900	jfww-win-dt-21	32	amd64 / Linux / 5.4.72-microsoft-standard-WSL2	db_seeder_bash_complete_company_3.0.3_wsl2
hsqldb	HSQLDB	v3.0.3	bash	client	inactive	company	17986	2021-09-10 14:15:46.385208400	2021-09-10 14:16:04.372156800	jfww-win-dt-21	32	amd64 / Linux / 5.4.72-microsoft-standard-WSL2	db_seeder_bash_complete_company_3.0.3_wsl2
ibmdb2	IBM Db2 Database	v3.0.3	bash	client	inactive	company	25507	2021-09-10 14:21:07.210943600	2021-09-10 14:21:32.718587100	jfww-win-dt-21	32	amd64 / Linux / 5.4.72-microsoft-standard-WSL2	db_seeder_bash_complete_company_3.0.3_wsl2
informix	IBM Informix	v3.0.3	bash	client	inactive	company	15007	2021-09-10 14:25:41.624833400	2021-09-10 14:25:56.631887600	jfww-win-dt-21	32	amd64 / Linux / 5.4.72-microsoft-standard-WSL2	db_seeder_bash_complete_company_3.0.3_wsl2
mariadb	MariaDB Server	v3.0.3	bash	client	inactive	company	7312	2021-09-10 14:26:39.523651700	2021-09-10 14:26:46.835919400	jfww-win-dt-21	32	amd64 / Linux / 5.4.72-microsoft-standard-WSL2	db_seeder_bash_complete_company_3.0.3_wsl2
mimer	Mimer SQL	v3.0.3	bash	client	inactive	company	13970	2021-09-10 14:27:20.203176300	2021-09-10 14:27:34.173573100	jfww-win-dt-21	32	amd64 / Linux / 5.4.72-microsoft-standard-WSL2	db_seeder_bash_complete_company_3.0.3_wsl2
monetdb	MonetDB	v3.0.3	bash	client	inactive	company	6856	2021-09-10 14:27:42.098512000	2021-09-10 14:27:48.954571000	jfww-win-dt-21	32	amd64 / Linux / 5.4.72-microsoft-standard-WSL2	db_seeder_bash_complete_company_3.0.3_wsl2
mysql	MySQL Database	v3.0.3	bash	client	inactive	company	18638	2021-09-10 14:28:53.054364300	2021-09-10 14:29:11.693074700	jfww-win-dt-21	32	amd64 / Linux / 5.4.72-microsoft-standard-WSL2	db_seeder_bash_complete_company_3.0.3_wsl2
oracle	Oracle Database	v3.0.3	bash	client	inactive	company	15614	2021-09-10 14:30:15.865113000	2021-09-10 14:30:31.480086200	jfww-win-dt-21	32	amd64 / Linux / 5.4.72-microsoft-standard-WSL2	db_seeder_bash_complete_company_3.0.3_wsl2
percona	Percona Server for MySQL	v3.0.3	bash	client	inactive	company	18334	2021-09-10 14:31:40.842177000	2021-09-10 14:31:59.176283200	jfww-win-dt-21	32	amd64 / Linux / 5.4.72-microsoft-standard-WSL2	db_seeder_bash_complete_company_3.0.3_wsl2
postgresql	PostgreSQL	v3.0.3	bash	client	inactive	company	4008	2021-09-10 14:32:33.035066600	2021-09-10 14:32:37.043404200	jfww-win-dt-21	32	amd64 / Linux / 5.4.72-microsoft-standard-WSL2	db_seeder_bash_complete_company_3.0.3_wsl2
sqlserver	MS SQL Server	v3.0.3	bash	client	inactive	company	4606	2021-09-10 14:33:10.113906700	2021-09-10 14:33:14.720200300	jfww-win-dt-21	32	amd64 / Linux / 5.4.72-microsoft-standard-WSL2	db_seeder_bash_complete_company_3.0.3_wsl2
timescale	TimescaleDB	v3.0.3	bash	client	inactive	company	3996	2021-09-10 14:33:54.005156400	2021-09-10 14:33:58.001578300	jfww-win-dt-21	32	amd64 / Linux / 5.4.72-microsoft-standard-WSL2	db_seeder_bash_complete_company_3.0.3_wsl2
yugabyte	YugabyteDB	v3.0.3	bash	client	inactive	company	13343	2021-09-10 14:34:30.889880700	2021-09-10 14:34:44.233694200	jfww-win-dt-21	32	amd64 / Linux / 5.4.72-microsoft-standard-WSL2	db_seeder_bash_complete_company_3.0.3_wsl2
agens	AgensGraph	v3.0.4	bash	client	active	company	4446	2021-10-29 08:33:53.136135427	2021-10-29 08:33:57.582378084	ubuntu	8	amd64 / Linux / 5.11.0-38-generic	db_seeder_bash_complete_company_3.0.4_vmware
cockroach	CockroachDB	v3.0.4	bash	client	active - no choice	company	6607	2021-10-29 08:34:37.149604452	2021-10-29 08:34:43.757180807	ubuntu	8	amd64 / Linux / 5.11.0-38-generic	db_seeder_bash_complete_company_3.0.4_vmware
cratedb	CrateDB	v3.0.4	bash	client	active - no choice	company	6052	2021-10-29 08:35:30.580081318	2021-10-29 08:35:36.632207398	ubuntu	8	amd64 / Linux / 5.11.0-38-generic	db_seeder_bash_complete_company_3.0.4_vmware
cubrid	CUBRID	v3.0.4	bash	client	active	company	7957	2021-10-29 08:36:17.534153202	2021-10-29 08:36:25.491260334	ubuntu	8	amd64 / Linux / 5.11.0-38-generic	db_seeder_bash_complete_company_3.0.4_vmware
derby	Apache Derby	v3.0.4	bash	client	active	company	6464	2021-10-29 08:37:19.886281693	2021-10-29 08:37:26.350719497	ubuntu	8	amd64 / Linux / 5.11.0-38-generic	db_seeder_bash_complete_company_3.0.4_vmware
derby_emb	Apache Derby	v3.0.4	bash	embedded	active	company	6446	2021-10-29 08:37:26.941343000	2021-10-29 08:37:33.387529959	ubuntu	8	amd64 / Linux / 5.11.0-38-generic	db_seeder_bash_complete_company_3.0.4_vmware
exasol	Exasol	v3.0.4	bash	client	active	company	3738	2021-10-29 08:41:21.588196317	2021-10-29 08:41:25.326854286	ubuntu	8	amd64 / Linux / 5.11.0-38-generic	db_seeder_bash_complete_company_3.0.4_vmware
firebird	Firebird	v3.0.4	bash	client	active	company	19869	2021-10-29 08:42:15.614265196	2021-10-29 08:42:35.484176278	ubuntu	8	amd64 / Linux / 5.11.0-38-generic	db_seeder_bash_complete_company_3.0.4_vmware
h2	H2 Database Engine	v3.0.4	bash	client	active - no choice	company	4405	2021-10-29 08:43:10.659589585	2021-10-29 08:43:15.064929032	ubuntu	8	amd64 / Linux / 5.11.0-38-generic	db_seeder_bash_complete_company_3.0.4_vmware
h2_emb	H2 Database Engine	v3.0.4	bash	embedded	active - no choice	company	2422	2021-10-29 08:43:15.655585781	2021-10-29 08:43:18.077727239	ubuntu	8	amd64 / Linux / 5.11.0-38-generic	db_seeder_bash_complete_company_3.0.4_vmware
hsqldb	HSQLDB	v3.0.4	bash	client	active	company	5901	2021-10-29 08:43:54.683458995	2021-10-29 08:44:00.584983565	ubuntu	8	amd64 / Linux / 5.11.0-38-generic	db_seeder_bash_complete_company_3.0.4_vmware
hsqldb_emb	HSQLDB	v3.0.4	bash	embedded	active	company	2672	2021-10-29 08:44:01.177356658	2021-10-29 08:44:03.849937491	ubuntu	8	amd64 / Linux / 5.11.0-38-generic	db_seeder_bash_complete_company_3.0.4_vmware
ibmdb2	IBM Db2 Database	v3.0.4	bash	client	active	company	5893	2021-10-29 08:49:56.444869429	2021-10-29 08:50:02.337977792	ubuntu	8	amd64 / Linux / 5.11.0-38-generic	db_seeder_bash_complete_company_3.0.4_vmware
informix	IBM Informix	v3.0.4	bash	client	active	company	8565	2021-10-29 08:54:33.248139130	2021-10-29 08:54:41.814113969	ubuntu	8	amd64 / Linux / 5.11.0-38-generic	db_seeder_bash_complete_company_3.0.4_vmware
mariadb	MariaDB Server	v3.0.4	bash	client	active	company	3153	2021-10-29 08:55:33.294560226	2021-10-29 08:55:36.448548219	ubuntu	8	amd64 / Linux / 5.11.0-38-generic	db_seeder_bash_complete_company_3.0.4_vmware
mimer	Mimer SQL	v3.0.4	bash	client	active	company	16839	2021-10-29 08:56:17.222545991	2021-10-29 08:56:34.062269804	ubuntu	8	amd64 / Linux / 5.11.0-38-generic	db_seeder_bash_complete_company_3.0.4_vmware
monetdb	MonetDB	v3.0.4	bash	client	active	company	6817	2021-10-29 08:56:56.733169201	2021-10-29 08:57:03.550969474	ubuntu	8	amd64 / Linux / 5.11.0-38-generic	db_seeder_bash_complete_company_3.0.4_vmware
mysql	MySQL Database	v3.0.4	bash	client	active	company	4607	2021-10-29 08:58:16.932962831	2021-10-29 08:58:21.540778573	ubuntu	8	amd64 / Linux / 5.11.0-38-generic	db_seeder_bash_complete_company_3.0.4_vmware
mysql_trino	MySQL Database	v3.0.4	bash	trino	active - no choice	company	826881	2021-10-29 09:00:26.480292615	2021-10-29 09:14:13.361467867	ubuntu	8	amd64 / Linux / 5.11.0-38-generic	db_seeder_bash_complete_company_3.0.4_vmware
omnisci	OmniSciDB	v3.0.4	bash	client	active - no choice	company	4771	2021-10-29 09:41:08.352440475	2021-10-29 09:41:13.124287824	ubuntu	8	amd64 / Linux / 5.11.0-38-generic	db_seeder_bash_complete_company_3.0.4_vmware
oracle	Oracle Database	v3.0.4	bash	client	active	company	5079	2021-10-29 09:46:36.703967587	2021-10-29 09:46:41.783877117	ubuntu	8	amd64 / Linux / 5.11.0-38-generic	db_seeder_bash_complete_company_3.0.4_vmware
oracle_trino	Oracle Database	v3.0.4	bash	trino	active - no choice	company	1076481	2021-10-29 09:49:48.924903825	2021-10-29 10:07:45.406212358	ubuntu	8	amd64 / Linux / 5.11.0-38-generic	db_seeder_bash_complete_company_3.0.4_vmware
percona	Percona Server for MySQL	v3.0.4	bash	client	active	company	4837	2021-10-29 10:09:05.842680070	2021-10-29 10:09:10.680224675	ubuntu	8	amd64 / Linux / 5.11.0-38-generic	db_seeder_bash_complete_company_3.0.4_vmware
postgresql	PostgreSQL	v3.0.4	bash	client	active	company	3625	2021-10-29 10:09:52.050180771	2021-10-29 10:09:55.675930411	ubuntu	8	amd64 / Linux / 5.11.0-38-generic	db_seeder_bash_complete_company_3.0.4_vmware
postgresql_trino	PostgreSQL	v3.0.4	bash	trino	active - no choice	company	714953	2021-10-29 10:10:58.637447901	2021-10-29 10:22:53.590754982	ubuntu	8	amd64 / Linux / 5.11.0-38-generic	db_seeder_bash_complete_company_3.0.4_vmware
sqlite	SQLite	v3.0.4	bash	embedded	active - no choice	company	1889	2021-10-29 10:22:54.207172052	2021-10-29 10:22:56.097124705	ubuntu	8	amd64 / Linux / 5.11.0-38-generic	db_seeder_bash_complete_company_3.0.4_vmware
sqlserver	MS SQL Server	v3.0.4	bash	client	active	company	3873	2021-10-29 10:23:50.690122493	2021-10-29 10:23:54.563135566	ubuntu	8	amd64 / Linux / 5.11.0-38-generic	db_seeder_bash_complete_company_3.0.4_vmware
sqlserver_trino	MS SQL Server	v3.0.4	bash	trino	active - no choice	company	1009922	2021-10-29 10:25:03.124965468	2021-10-29 10:41:53.046997453	ubuntu	8	amd64 / Linux / 5.11.0-38-generic	db_seeder_bash_complete_company_3.0.4_vmware
timescale	TimescaleDB	v3.0.4	bash	client	active	company	3829	2021-10-29 10:42:29.430996572	2021-10-29 10:42:33.260677371	ubuntu	8	amd64 / Linux / 5.11.0-38-generic	db_seeder_bash_complete_company_3.0.4_vmware
yugabyte	YugabyteDB	v3.0.4	bash	client	active	company	12843	2021-10-29 10:44:07.675184470	2021-10-29 10:44:20.518396806	ubuntu	8	amd64 / Linux / 5.11.0-38-generic	db_seeder_bash_complete_company_3.0.4_vmware
agens	AgensGraph	v3.0.4	bash	client	inactive	company	3863	2021-10-29 10:44:58.536581096	2021-10-29 10:45:02.399630214	ubuntu	8	amd64 / Linux / 5.11.0-38-generic	db_seeder_bash_complete_company_3.0.4_vmware
cubrid	CUBRID	v3.0.4	bash	client	inactive	company	6918	2021-10-29 10:45:43.468392186	2021-10-29 10:45:50.386720999	ubuntu	8	amd64 / Linux / 5.11.0-38-generic	db_seeder_bash_complete_company_3.0.4_vmware
derby	Apache Derby	v3.0.4	bash	client	inactive	company	6524	2021-10-29 10:46:45.250838940	2021-10-29 10:46:51.775369217	ubuntu	8	amd64 / Linux / 5.11.0-38-generic	db_seeder_bash_complete_company_3.0.4_vmware
derby_emb	Apache Derby	v3.0.4	bash	embedded	inactive	company	6136	2021-10-29 10:46:52.360560239	2021-10-29 10:46:58.497004663	ubuntu	8	amd64 / Linux / 5.11.0-38-generic	db_seeder_bash_complete_company_3.0.4_vmware
exasol	Exasol	v3.0.4	bash	client	inactive	company	4071	2021-10-29 10:50:46.216019338	2021-10-29 10:50:50.287623272	ubuntu	8	amd64 / Linux / 5.11.0-38-generic	db_seeder_bash_complete_company_3.0.4_vmware
firebird	Firebird	v3.0.4	bash	client	inactive	company	17048	2021-10-29 10:51:40.731738583	2021-10-29 10:51:57.780644760	ubuntu	8	amd64 / Linux / 5.11.0-38-generic	db_seeder_bash_complete_company_3.0.4_vmware
hsqldb	HSQLDB	v3.0.4	bash	client	inactive	company	5805	2021-10-29 10:52:34.085841572	2021-10-29 10:52:39.891403534	ubuntu	8	amd64 / Linux / 5.11.0-38-generic	db_seeder_bash_complete_company_3.0.4_vmware
ibmdb2	IBM Db2 Database	v3.0.4	bash	client	inactive	company	6539	2021-10-29 10:58:34.055093253	2021-10-29 10:58:40.594744043	ubuntu	8	amd64 / Linux / 5.11.0-38-generic	db_seeder_bash_complete_company_3.0.4_vmware
informix	IBM Informix	v3.0.4	bash	client	inactive	company	9121	2021-10-29 11:03:11.272996637	2021-10-29 11:03:20.394802103	ubuntu	8	amd64 / Linux / 5.11.0-38-generic	db_seeder_bash_complete_company_3.0.4_vmware
mariadb	MariaDB Server	v3.0.4	bash	client	inactive	company	4958	2021-10-29 11:04:12.042770911	2021-10-29 11:04:17.001301915	ubuntu	8	amd64 / Linux / 5.11.0-38-generic	db_seeder_bash_complete_company_3.0.4_vmware
mimer	Mimer SQL	v3.0.4	bash	client	inactive	company	17060	2021-10-29 11:04:57.409716974	2021-10-29 11:05:14.470019987	ubuntu	8	amd64 / Linux / 5.11.0-38-generic	db_seeder_bash_complete_company_3.0.4_vmware
monetdb	MonetDB	v3.0.4	bash	client	inactive	company	5606	2021-10-29 11:05:37.466313959	2021-10-29 11:05:43.072627650	ubuntu	8	amd64 / Linux / 5.11.0-38-generic	db_seeder_bash_complete_company_3.0.4_vmware
mysql	MySQL Database	v3.0.4	bash	client	inactive	company	6341	2021-10-29 11:06:56.819100986	2021-10-29 11:07:03.160398888	ubuntu	8	amd64 / Linux / 5.11.0-38-generic	db_seeder_bash_complete_company_3.0.4_vmware
oracle	Oracle Database	v3.0.4	bash	client	inactive	company	9059	2021-10-29 11:24:44.031117358	2021-10-29 11:24:53.090742242	ubuntu	8	amd64 / Linux / 5.11.0-38-generic	db_seeder_bash_complete_company_3.0.4_vmware
percona	Percona Server for MySQL	v3.0.4	bash	client	inactive	company	6600	2021-10-29 11:26:10.291236912	2021-10-29 11:26:16.891498097	ubuntu	8	amd64 / Linux / 5.11.0-38-generic	db_seeder_bash_complete_company_3.0.4_vmware
postgresql	PostgreSQL	v3.0.4	bash	client	inactive	company	3504	2021-10-29 11:26:57.793487783	2021-10-29 11:27:01.298290678	ubuntu	8	amd64 / Linux / 5.11.0-38-generic	db_seeder_bash_complete_company_3.0.4_vmware
sqlserver	MS SQL Server	v3.0.4	bash	client	inactive	company	3878	2021-10-29 11:27:52.656432558	2021-10-29 11:27:56.534488543	ubuntu	8	amd64 / Linux / 5.11.0-38-generic	db_seeder_bash_complete_company_3.0.4_vmware
timescale	TimescaleDB	v3.0.4	bash	client	inactive	company	3513	2021-10-29 11:28:38.905171747	2021-10-29 11:28:42.418752273	ubuntu	8	amd64 / Linux / 5.11.0-38-generic	db_seeder_bash_complete_company_3.0.4_vmware
yugabyte	YugabyteDB	v3.0.4	bash	client	inactive	company	12169	2021-10-29 11:29:39.606561246	2021-10-29 11:29:51.776416758	ubuntu	8	amd64 / Linux / 5.11.0-38-generic	db_seeder_bash_complete_company_3.0.4_vmware
agens	AgensGraph	v3.0.5	cmd	client	active	company	4146	2021-12-14 10:25:48.877432900	2021-12-14 10:25:53.024432100	jfww-win-dt-21	32	amd64 / Windows 10 / 10.0	db_seeder_cmd_complete_company_3.0.5_win10
cockroach	CockroachDB	v3.0.5	cmd	client	active - no choice	company	6610	2021-12-14 10:27:29.379931200	2021-12-14 10:27:35.990432700	jfww-win-dt-21	32	amd64 / Windows 10 / 10.0	db_seeder_cmd_complete_company_3.0.5_win10
cratedb	CrateDB	v3.0.5	cmd	client	active - no choice	company	5325	2021-12-14 10:29:39.390431800	2021-12-14 10:29:44.715931300	jfww-win-dt-21	32	amd64 / Windows 10 / 10.0	db_seeder_cmd_complete_company_3.0.5_win10
cubrid	CUBRID	v3.0.5	cmd	client	active	company	6295	2021-12-14 10:30:22.163431700	2021-12-14 10:30:28.458932400	jfww-win-dt-21	32	amd64 / Windows 10 / 10.0	db_seeder_cmd_complete_company_3.0.5_win10
derby	Apache Derby	v3.0.5	cmd	client	active	company	14610	2021-12-14 10:32:04.976931100	2021-12-14 10:32:19.587432100	jfww-win-dt-21	32	amd64 / Windows 10 / 10.0	db_seeder_cmd_complete_company_3.0.5_win10
derby_emb	Apache Derby	v3.0.5	cmd	embedded	active	company	16212	2021-12-14 10:32:20.331931300	2021-12-14 10:32:36.544434000	jfww-win-dt-21	32	amd64 / Windows 10 / 10.0	db_seeder_cmd_complete_company_3.0.5_win10
exasol	Exasol	v3.0.5	cmd	client	active	company	4006	2021-12-14 10:34:44.845931200	2021-12-14 10:34:48.851931600	jfww-win-dt-21	32	amd64 / Windows 10 / 10.0	db_seeder_cmd_complete_company_3.0.5_win10
firebird	Firebird	v3.0.5	cmd	client	active	company	90307	2021-12-14 10:36:28.795933500	2021-12-14 10:37:59.103932200	jfww-win-dt-21	32	amd64 / Windows 10 / 10.0	db_seeder_cmd_complete_company_3.0.5_win10
h2	H2 Database Engine	v3.0.5	cmd	client	active - no choice	company	6652	2021-12-14 10:39:33.371930800	2021-12-14 10:39:40.023931900	jfww-win-dt-21	32	amd64 / Windows 10 / 10.0	db_seeder_cmd_complete_company_3.0.5_win10
h2_emb	H2 Database Engine	v3.0.5	cmd	embedded	active - no choice	company	3044	2021-12-14 10:39:40.717432800	2021-12-14 10:39:43.761931800	jfww-win-dt-21	32	amd64 / Windows 10 / 10.0	db_seeder_cmd_complete_company_3.0.5_win10
hsqldb	HSQLDB	v3.0.5	cmd	client	active	company	17382	2021-12-14 10:41:19.256431400	2021-12-14 10:41:36.638931800	jfww-win-dt-21	32	amd64 / Windows 10 / 10.0	db_seeder_cmd_complete_company_3.0.5_win10
hsqldb_emb	HSQLDB	v3.0.5	cmd	embedded	active	company	2848	2021-12-14 10:41:37.341431500	2021-12-14 10:41:40.189431600	jfww-win-dt-21	32	amd64 / Windows 10 / 10.0	db_seeder_cmd_complete_company_3.0.5_win10
ibmdb2	IBM Db2 Database	v3.0.5	cmd	client	active	company	24020	2021-12-14 10:46:49.310842000	2021-12-14 10:47:13.331341800	jfww-win-dt-21	32	amd64 / Windows 10 / 10.0	db_seeder_cmd_complete_company_3.0.5_win10
informix	IBM Informix	v3.0.5	cmd	client	active	company	17362	2021-12-14 10:52:43.859842500	2021-12-14 10:53:01.221842800	jfww-win-dt-21	32	amd64 / Windows 10 / 10.0	db_seeder_cmd_complete_company_3.0.5_win10
mariadb	MariaDB Server	v3.0.5	cmd	client	active	company	3688	2021-12-14 10:55:18.942823600	2021-12-14 10:55:22.630823800	jfww-win-dt-21	32	amd64 / Windows 10 / 10.0	db_seeder_cmd_complete_company_3.0.5_win10
mimer	Mimer SQL	v3.0.5	cmd	client	active	company	8091	2021-12-14 10:57:07.524327400	2021-12-14 10:57:15.615825100	jfww-win-dt-21	32	amd64 / Windows 10 / 10.0	db_seeder_cmd_complete_company_3.0.5_win10
monetdb	MonetDB	v3.0.5	cmd	client	active	company	9435	2021-12-14 10:59:06.177327600	2021-12-14 10:59:15.612823500	jfww-win-dt-21	32	amd64 / Windows 10 / 10.0	db_seeder_cmd_complete_company_3.0.5_win10
mysql	MySQL Database	v3.0.5	cmd	client	active	company	6409	2021-12-14 11:00:25.436823200	2021-12-14 11:00:31.845824200	jfww-win-dt-21	32	amd64 / Windows 10 / 10.0	db_seeder_cmd_complete_company_3.0.5_win10
mysql_trino	MySQL Database	v3.0.5	cmd	trino	active - no choice	company	434160	2021-12-14 11:02:19.925823500	2021-12-14 11:09:34.086325300	jfww-win-dt-21	32	amd64 / Windows 10 / 10.0	db_seeder_cmd_complete_company_3.0.5_win10
omnisci	OmniSciDB	v3.0.5	cmd	client	active - no choice	company	37162	2021-12-14 11:11:52.453823300	2021-12-14 11:12:29.615903500	jfww-win-dt-21	32	amd64 / Windows 10 / 10.0	db_seeder_cmd_complete_company_3.0.5_win10
oracle	Oracle Database	v3.0.5	cmd	client	active	company	13685	2021-12-14 11:13:41.955403500	2021-12-14 11:13:55.641402900	jfww-win-dt-21	32	amd64 / Windows 10 / 10.0	db_seeder_cmd_complete_company_3.0.5_win10
oracle_trino	Oracle Database	v3.0.5	cmd	trino	active - no choice	company	301071	2021-12-14 11:15:51.676904500	2021-12-14 11:20:52.748404600	jfww-win-dt-21	32	amd64 / Windows 10 / 10.0	db_seeder_cmd_complete_company_3.0.5_win10
percona	Percona Server for MySQL	v3.0.5	cmd	client	active	company	6670	2021-12-14 11:23:12.325403700	2021-12-14 11:23:18.996403100	jfww-win-dt-21	32	amd64 / Windows 10 / 10.0	db_seeder_cmd_complete_company_3.0.5_win10
postgresql	PostgreSQL	v3.0.5	cmd	client	active	company	4086	2021-12-14 11:23:59.939904400	2021-12-14 11:24:04.026405000	jfww-win-dt-21	32	amd64 / Windows 10 / 10.0	db_seeder_cmd_complete_company_3.0.5_win10
postgresql_trino	PostgreSQL	v3.0.5	cmd	trino	active - no choice	company	462474	2021-12-14 11:25:21.370403100	2021-12-14 11:33:03.844403800	jfww-win-dt-21	32	amd64 / Windows 10 / 10.0	db_seeder_cmd_complete_company_3.0.5_win10
sqlite	SQLite	v3.0.5	cmd	embedded	active - no choice	company	3672	2021-12-14 11:33:04.573903200	2021-12-14 11:33:08.246404700	jfww-win-dt-21	32	amd64 / Windows 10 / 10.0	db_seeder_cmd_complete_company_3.0.5_win10
sqlserver	MS SQL Server	v3.0.5	cmd	client	active	company	5262	2021-12-14 11:33:46.471403100	2021-12-14 11:33:51.733904000	jfww-win-dt-21	32	amd64 / Windows 10 / 10.0	db_seeder_cmd_complete_company_3.0.5_win10
sqlserver_trino	MS SQL Server	v3.0.5	cmd	trino	active - no choice	company	674708	2021-12-14 11:35:09.597902900	2021-12-14 11:46:24.306403400	jfww-win-dt-21	32	amd64 / Windows 10 / 10.0	db_seeder_cmd_complete_company_3.0.5_win10
timescale	TimescaleDB	v3.0.5	cmd	client	active	company	4168	2021-12-14 11:48:19.260903400	2021-12-14 11:48:23.429403800	jfww-win-dt-21	32	amd64 / Windows 10 / 10.0	db_seeder_cmd_complete_company_3.0.5_win10
yugabyte	YugabyteDB	v3.0.5	cmd	client	active	company	13124	2021-12-14 11:51:02.591403000	2021-12-14 11:51:15.715404000	jfww-win-dt-21	32	amd64 / Windows 10 / 10.0	db_seeder_cmd_complete_company_3.0.5_win10
agens	AgensGraph	v3.0.5	cmd	client	inactive	company	3894	2021-12-14 11:51:52.627403000	2021-12-14 11:51:56.521903700	jfww-win-dt-21	32	amd64 / Windows 10 / 10.0	db_seeder_cmd_complete_company_3.0.5_win10
cubrid	CUBRID	v3.0.5	cmd	client	inactive	company	6558	2021-12-14 11:52:33.447403000	2021-12-14 11:52:40.005404800	jfww-win-dt-21	32	amd64 / Windows 10 / 10.0	db_seeder_cmd_complete_company_3.0.5_win10
derby	Apache Derby	v3.0.5	cmd	client	inactive	company	15232	2021-12-14 11:53:29.569403400	2021-12-14 11:53:44.801457200	jfww-win-dt-21	32	amd64 / Windows 10 / 10.0	db_seeder_cmd_complete_company_3.0.5_win10
derby_emb	Apache Derby	v3.0.5	cmd	embedded	inactive	company	15866	2021-12-14 11:53:45.503903700	2021-12-14 11:54:01.369904200	jfww-win-dt-21	32	amd64 / Windows 10 / 10.0	db_seeder_cmd_complete_company_3.0.5_win10
exasol	Exasol	v3.0.5	cmd	client	inactive	company	4191	2021-12-14 11:56:09.835404000	2021-12-14 11:56:14.026904400	jfww-win-dt-21	32	amd64 / Windows 10 / 10.0	db_seeder_cmd_complete_company_3.0.5_win10
firebird	Firebird	v3.0.5	cmd	client	inactive	company	72177	2021-12-14 11:57:06.353402600	2021-12-14 11:58:18.530403700	jfww-win-dt-21	32	amd64 / Windows 10 / 10.0	db_seeder_cmd_complete_company_3.0.5_win10
hsqldb	HSQLDB	v3.0.5	cmd	client	inactive	company	17618	2021-12-14 11:58:57.825403200	2021-12-14 11:59:15.443906800	jfww-win-dt-21	32	amd64 / Windows 10 / 10.0	db_seeder_cmd_complete_company_3.0.5_win10
ibmdb2	IBM Db2 Database	v3.0.5	cmd	client	inactive	company	24325	2021-12-14 12:04:24.645903300	2021-12-14 12:04:48.971403800	jfww-win-dt-21	32	amd64 / Windows 10 / 10.0	db_seeder_cmd_complete_company_3.0.5_win10
informix	IBM Informix	v3.0.5	cmd	client	inactive	company	17354	2021-12-14 12:08:44.178902900	2021-12-14 12:09:01.532903600	jfww-win-dt-21	32	amd64 / Windows 10 / 10.0	db_seeder_cmd_complete_company_3.0.5_win10
mariadb	MariaDB Server	v3.0.5	cmd	client	inactive	company	6954	2021-12-14 12:09:48.827403000	2021-12-14 12:09:55.781903700	jfww-win-dt-21	32	amd64 / Windows 10 / 10.0	db_seeder_cmd_complete_company_3.0.5_win10
mimer	Mimer SQL	v3.0.5	cmd	client	inactive	company	8668	2021-12-14 12:10:33.396479800	2021-12-14 12:10:42.064980900	jfww-win-dt-21	32	amd64 / Windows 10 / 10.0	db_seeder_cmd_complete_company_3.0.5_win10
monetdb	MonetDB	v3.0.5	cmd	client	inactive	company	8120	2021-12-14 12:10:54.764480800	2021-12-14 12:11:02.884981200	jfww-win-dt-21	32	amd64 / Windows 10 / 10.0	db_seeder_cmd_complete_company_3.0.5_win10
mysql	MySQL Database	v3.0.5	cmd	client	inactive	company	18404	2021-12-14 12:12:12.175481400	2021-12-14 12:12:30.579980200	jfww-win-dt-21	32	amd64 / Windows 10 / 10.0	db_seeder_cmd_complete_company_3.0.5_win10
oracle	Oracle Database	v3.0.5	cmd	client	inactive	company	16041	2021-12-14 12:13:41.632980000	2021-12-14 12:13:57.674480900	jfww-win-dt-21	32	amd64 / Windows 10 / 10.0	db_seeder_cmd_complete_company_3.0.5_win10
percona	Percona Server for MySQL	v3.0.5	cmd	client	inactive	company	18428	2021-12-14 12:15:11.756980700	2021-12-14 12:15:30.184981700	jfww-win-dt-21	32	amd64 / Windows 10 / 10.0	db_seeder_cmd_complete_company_3.0.5_win10
postgresql	PostgreSQL	v3.0.5	cmd	client	inactive	company	3705	2021-12-14 12:16:09.088980600	2021-12-14 12:16:12.794481100	jfww-win-dt-21	32	amd64 / Windows 10 / 10.0	db_seeder_cmd_complete_company_3.0.5_win10
sqlserver	MS SQL Server	v3.0.5	cmd	client	inactive	company	5182	2021-12-14 12:16:50.554981200	2021-12-14 12:16:55.737980600	jfww-win-dt-21	32	amd64 / Windows 10 / 10.0	db_seeder_cmd_complete_company_3.0.5_win10
timescale	TimescaleDB	v3.0.5	cmd	client	inactive	company	3917	2021-12-14 12:17:37.860980700	2021-12-14 12:17:41.777981300	jfww-win-dt-21	32	amd64 / Windows 10 / 10.0	db_seeder_cmd_complete_company_3.0.5_win10
yugabyte	YugabyteDB	v3.0.5	cmd	client	inactive	company	13323	2021-12-14 12:18:18.285981600	2021-12-14 12:18:31.609481200	jfww-win-dt-21	32	amd64 / Windows 10 / 10.0	db_seeder_cmd_complete_company_3.0.5_win10
agens	AgensGraph	v3.0.4	cmd	client	active	company	3854	2021-10-28 21:18:42.021404900	2021-10-28 21:18:45.875983400	jfww-win-dt-21	32	amd64 / Windows 10 / 10.0	db_seeder_cmd_complete_company_3.0.4_win10
cockroach	CockroachDB	v3.0.4	cmd	client	active - no choice	company	6124	2021-10-28 21:20:39.557671700	2021-10-28 21:20:45.681757300	jfww-win-dt-21	32	amd64 / Windows 10 / 10.0	db_seeder_cmd_complete_company_3.0.4_win10
cratedb	CrateDB	v3.0.4	cmd	client	active - no choice	company	6259	2021-10-28 21:22:39.668989200	2021-10-28 21:22:45.928061700	jfww-win-dt-21	32	amd64 / Windows 10 / 10.0	db_seeder_cmd_complete_company_3.0.4_win10
cubrid	CUBRID	v3.0.4	cmd	client	active	company	6310	2021-10-28 21:24:28.964443700	2021-10-28 21:24:35.274758400	jfww-win-dt-21	32	amd64 / Windows 10 / 10.0	db_seeder_cmd_complete_company_3.0.4_win10
derby	Apache Derby	v3.0.4	cmd	client	active	company	17110	2021-10-28 21:26:33.313574800	2021-10-28 21:26:50.423959100	jfww-win-dt-21	32	amd64 / Windows 10 / 10.0	db_seeder_cmd_complete_company_3.0.4_win10
derby_emb	Apache Derby	v3.0.4	cmd	embedded	active	company	15816	2021-10-28 21:26:51.231457000	2021-10-28 21:27:07.047619700	jfww-win-dt-21	32	amd64 / Windows 10 / 10.0	db_seeder_cmd_complete_company_3.0.4_win10
exasol	Exasol	v3.0.4	cmd	client	active	company	4073	2021-10-28 21:31:52.438506800	2021-10-28 21:31:56.511842800	jfww-win-dt-21	32	amd64 / Windows 10 / 10.0	db_seeder_cmd_complete_company_3.0.4_win10
firebird	Firebird	v3.0.4	cmd	client	active	company	93557	2021-10-28 21:34:15.204427300	2021-10-28 21:35:48.762190600	jfww-win-dt-21	32	amd64 / Windows 10 / 10.0	db_seeder_cmd_complete_company_3.0.4_win10
h2	H2 Database Engine	v3.0.4	cmd	client	active - no choice	company	7051	2021-10-28 21:37:13.834679900	2021-10-28 21:37:20.886533800	jfww-win-dt-21	32	amd64 / Windows 10 / 10.0	db_seeder_cmd_complete_company_3.0.4_win10
h2_emb	H2 Database Engine	v3.0.4	cmd	embedded	active - no choice	company	3701	2021-10-28 21:37:21.641053300	2021-10-28 21:37:25.342212800	jfww-win-dt-21	32	amd64 / Windows 10 / 10.0	db_seeder_cmd_complete_company_3.0.4_win10
hsqldb	HSQLDB	v3.0.4	cmd	client	active	company	17996	2021-10-28 21:39:10.485012000	2021-10-28 21:39:28.481707500	jfww-win-dt-21	32	amd64 / Windows 10 / 10.0	db_seeder_cmd_complete_company_3.0.4_win10
hsqldb_emb	HSQLDB	v3.0.4	cmd	embedded	active	company	2749	2021-10-28 21:39:29.218706400	2021-10-28 21:39:31.967708300	jfww-win-dt-21	32	amd64 / Windows 10 / 10.0	db_seeder_cmd_complete_company_3.0.4_win10
ibmdb2	IBM Db2 Database	v3.0.4	cmd	client	active	company	30635	2021-10-28 21:46:55.776162600	2021-10-28 21:47:26.411300200	jfww-win-dt-21	32	amd64 / Windows 10 / 10.0	db_seeder_cmd_complete_company_3.0.4_win10
informix	IBM Informix	v3.0.4	cmd	client	active	company	18961	2021-10-28 21:53:00.296121000	2021-10-28 21:53:19.258067400	jfww-win-dt-21	32	amd64 / Windows 10 / 10.0	db_seeder_cmd_complete_company_3.0.4_win10
mariadb	MariaDB Server	v3.0.4	cmd	client	active	company	3789	2021-10-28 21:55:37.422053500	2021-10-28 21:55:41.211769100	jfww-win-dt-21	32	amd64 / Windows 10 / 10.0	db_seeder_cmd_complete_company_3.0.4_win10
mimer	Mimer SQL	v3.0.4	cmd	client	active	company	9009	2021-10-28 21:57:29.401869500	2021-10-28 21:57:38.411369300	jfww-win-dt-21	32	amd64 / Windows 10 / 10.0	db_seeder_cmd_complete_company_3.0.4_win10
monetdb	MonetDB	v3.0.4	cmd	client	active	company	9636	2021-10-28 21:59:29.638679800	2021-10-28 21:59:39.274787800	jfww-win-dt-21	32	amd64 / Windows 10 / 10.0	db_seeder_cmd_complete_company_3.0.4_win10
mysql	MySQL Database	v3.0.4	cmd	client	active	company	7995	2021-10-28 22:02:15.666536100	2021-10-28 22:02:23.661754200	jfww-win-dt-21	32	amd64 / Windows 10 / 10.0	db_seeder_cmd_complete_company_3.0.4_win10
mysql_trino	MySQL Database	v3.0.4	cmd	trino	active - no choice	company	494563	2021-10-28 22:06:08.614097000	2021-10-28 22:14:23.177705200	jfww-win-dt-21	32	amd64 / Windows 10 / 10.0	db_seeder_cmd_complete_company_3.0.4_win10
omnisci	OmniSciDB	v3.0.4	cmd	client	active - no choice	company	38203	2021-10-28 22:16:41.892280100	2021-10-28 22:17:20.096035500	jfww-win-dt-21	32	amd64 / Windows 10 / 10.0	db_seeder_cmd_complete_company_3.0.4_win10
oracle	Oracle Database	v3.0.4	cmd	client	active	company	12803	2021-10-28 22:23:20.188592400	2021-10-28 22:23:32.991969300	jfww-win-dt-21	32	amd64 / Windows 10 / 10.0	db_seeder_cmd_complete_company_3.0.4_win10
oracle_trino	Oracle Database	v3.0.4	cmd	trino	active - no choice	company	276224	2021-10-28 22:25:31.289230400	2021-10-28 22:30:07.513673300	jfww-win-dt-21	32	amd64 / Windows 10 / 10.0	db_seeder_cmd_complete_company_3.0.4_win10
percona	Percona Server for MySQL	v3.0.4	cmd	client	active	company	8695	2021-10-28 22:32:33.818639600	2021-10-28 22:32:42.514101400	jfww-win-dt-21	32	amd64 / Windows 10 / 10.0	db_seeder_cmd_complete_company_3.0.4_win10
postgresql	PostgreSQL	v3.0.4	cmd	client	active	company	3929	2021-10-28 22:34:40.147353200	2021-10-28 22:34:44.077351500	jfww-win-dt-21	32	amd64 / Windows 10 / 10.0	db_seeder_cmd_complete_company_3.0.4_win10
postgresql_trino	PostgreSQL	v3.0.4	cmd	trino	active - no choice	company	435245	2021-10-28 22:36:03.368369200	2021-10-28 22:43:18.614112400	jfww-win-dt-21	32	amd64 / Windows 10 / 10.0	db_seeder_cmd_complete_company_3.0.4_win10
sqlite	SQLite	v3.0.4	cmd	embedded	active - no choice	company	4520	2021-10-28 22:43:19.422111100	2021-10-28 22:43:23.942892100	jfww-win-dt-21	32	amd64 / Windows 10 / 10.0	db_seeder_cmd_complete_company_3.0.4_win10
sqlserver	MS SQL Server	v3.0.4	cmd	client	active	company	5476	2021-10-28 22:44:30.358243400	2021-10-28 22:44:35.835242800	jfww-win-dt-21	32	amd64 / Windows 10 / 10.0	db_seeder_cmd_complete_company_3.0.4_win10
sqlserver_trino	MS SQL Server	v3.0.4	cmd	trino	active - no choice	company	723315	2021-10-28 22:45:55.682298000	2021-10-28 22:57:58.997517400	jfww-win-dt-21	32	amd64 / Windows 10 / 10.0	db_seeder_cmd_complete_company_3.0.4_win10
timescale	TimescaleDB	v3.0.4	cmd	client	active	company	4107	2021-10-28 22:59:44.637334300	2021-10-28 22:59:48.744618000	jfww-win-dt-21	32	amd64 / Windows 10 / 10.0	db_seeder_cmd_complete_company_3.0.4_win10
yugabyte	YugabyteDB	v3.0.4	cmd	client	active	company	13142	2021-10-28 23:04:05.769357100	2021-10-28 23:04:18.911692700	jfww-win-dt-21	32	amd64 / Windows 10 / 10.0	db_seeder_cmd_complete_company_3.0.4_win10
agens	AgensGraph	v3.0.4	cmd	client	inactive	company	3845	2021-10-28 23:04:56.658492600	2021-10-28 23:05:00.503826600	jfww-win-dt-21	32	amd64 / Windows 10 / 10.0	db_seeder_cmd_complete_company_3.0.4_win10
cubrid	CUBRID	v3.0.4	cmd	client	inactive	company	6641	2021-10-28 23:05:38.503758900	2021-10-28 23:05:45.145228400	jfww-win-dt-21	32	amd64 / Windows 10 / 10.0	db_seeder_cmd_complete_company_3.0.4_win10
derby	Apache Derby	v3.0.4	cmd	client	inactive	company	16444	2021-10-28 23:06:35.823717400	2021-10-28 23:06:52.268052700	jfww-win-dt-21	32	amd64 / Windows 10 / 10.0	db_seeder_cmd_complete_company_3.0.4_win10
derby_emb	Apache Derby	v3.0.4	cmd	embedded	inactive	company	18008	2021-10-28 23:06:53.039553700	2021-10-28 23:07:11.048224700	jfww-win-dt-21	32	amd64 / Windows 10 / 10.0	db_seeder_cmd_complete_company_3.0.4_win10
exasol	Exasol	v3.0.4	cmd	client	inactive	company	4269	2021-10-28 23:09:21.097652200	2021-10-28 23:09:25.366918500	jfww-win-dt-21	32	amd64 / Windows 10 / 10.0	db_seeder_cmd_complete_company_3.0.4_win10
firebird	Firebird	v3.0.4	cmd	client	inactive	company	66556	2021-10-28 23:10:18.568010200	2021-10-28 23:11:25.124704900	jfww-win-dt-21	32	amd64 / Windows 10 / 10.0	db_seeder_cmd_complete_company_3.0.4_win10
hsqldb	HSQLDB	v3.0.4	cmd	client	inactive	company	20014	2021-10-28 23:12:05.666780700	2021-10-28 23:12:25.680790300	jfww-win-dt-21	32	amd64 / Windows 10 / 10.0	db_seeder_cmd_complete_company_3.0.4_win10
ibmdb2	IBM Db2 Database	v3.0.4	cmd	client	inactive	company	31671	2021-10-28 23:17:34.582056700	2021-10-28 23:18:06.253122200	jfww-win-dt-21	32	amd64 / Windows 10 / 10.0	db_seeder_cmd_complete_company_3.0.4_win10
informix	IBM Informix	v3.0.4	cmd	client	inactive	company	19224	2021-10-28 23:22:02.442580600	2021-10-28 23:22:21.667536100	jfww-win-dt-21	32	amd64 / Windows 10 / 10.0	db_seeder_cmd_complete_company_3.0.4_win10
mariadb	MariaDB Server	v3.0.4	cmd	client	inactive	company	7019	2021-10-28 23:23:09.512665900	2021-10-28 23:23:16.532253500	jfww-win-dt-21	32	amd64 / Windows 10 / 10.0	db_seeder_cmd_complete_company_3.0.4_win10
mimer	Mimer SQL	v3.0.4	cmd	client	inactive	company	9815	2021-10-28 23:23:55.661863300	2021-10-28 23:24:05.477259500	jfww-win-dt-21	32	amd64 / Windows 10 / 10.0	db_seeder_cmd_complete_company_3.0.4_win10
monetdb	MonetDB	v3.0.4	cmd	client	inactive	company	8492	2021-10-28 23:24:18.852417700	2021-10-28 23:24:27.344781000	jfww-win-dt-21	32	amd64 / Windows 10 / 10.0	db_seeder_cmd_complete_company_3.0.4_win10
mysql	MySQL Database	v3.0.4	cmd	client	inactive	company	19459	2021-10-28 23:25:37.563721300	2021-10-28 23:25:57.022830600	jfww-win-dt-21	32	amd64 / Windows 10 / 10.0	db_seeder_cmd_complete_company_3.0.4_win10
oracle	Oracle Database	v3.0.4	cmd	client	inactive	company	16086	2021-10-28 23:27:08.918238400	2021-10-28 23:27:25.004526500	jfww-win-dt-21	32	amd64 / Windows 10 / 10.0	db_seeder_cmd_complete_company_3.0.4_win10
percona	Percona Server for MySQL	v3.0.4	cmd	client	inactive	company	19694	2021-10-28 23:28:37.343755800	2021-10-28 23:28:57.038686900	jfww-win-dt-21	32	amd64 / Windows 10 / 10.0	db_seeder_cmd_complete_company_3.0.4_win10
postgresql	PostgreSQL	v3.0.4	cmd	client	inactive	company	3797	2021-10-28 23:29:37.971942600	2021-10-28 23:29:41.769594800	jfww-win-dt-21	32	amd64 / Windows 10 / 10.0	db_seeder_cmd_complete_company_3.0.4_win10
sqlserver	MS SQL Server	v3.0.4	cmd	client	inactive	company	5477	2021-10-28 23:30:20.371306100	2021-10-28 23:30:25.848880800	jfww-win-dt-21	32	amd64 / Windows 10 / 10.0	db_seeder_cmd_complete_company_3.0.4_win10
timescale	TimescaleDB	v3.0.4	cmd	client	inactive	company	3897	2021-10-28 23:31:08.285510400	2021-10-28 23:31:12.183176000	jfww-win-dt-21	32	amd64 / Windows 10 / 10.0	db_seeder_cmd_complete_company_3.0.4_win10
yugabyte	YugabyteDB	v3.0.4	cmd	client	inactive	company	13030	2021-10-28 23:31:49.336422900	2021-10-28 23:32:02.366596800	jfww-win-dt-21	32	amd64 / Windows 10 / 10.0	db_seeder_cmd_complete_company_3.0.4_win10
